PGA,PGV,PGD,I_A,CAV,\dfracPGAPGV,I_AS,SMD_TB,SMD_ROG,SMD_Bolt,P_90,a_rms,I_c,I_FVF,I_RG,SI_H,DI_PA
560.3557,103.5839,304.0645,308.1809,985.8819,5.4097,7.2907,5.805,6.925,9.275,47.7901,172.8267,5474.1593,160.7839,546.4701,235.5055,0.8180000000000001
153.8044,38.0404,36.2603,129.2,1638.6427,4.0432,0.87441,36.85,41.81,37.075,3.1556,44.3947,1795.6245,93.7249,120.6639,104.4718,0.651
272.599,29.1531,6.5092,163.8122,1220.8758,9.3506,11.0068,16.815,20.86,24.98,8.7678,73.9986,2610.2614,59.0348,16.676,133.9642,0.191
463.032,19.7604,2.2346,195.1839,983.738,23.4323,1.7615,6.615,11.265,9.57,26.5967,128.9228,3764.9529,31.6905,4.1948,44.4422,0.063
63.3482,2.7992,3.6205,1.0451,56.2304,22.6312,0.0044542,7.17,9.605,0.0,0.13119,9.0547,72.958,4.5804,6.9813,4.472,0.025
318.0161,30.2642,58.2584,160.3713,953.083,10.508,3.0447,10.33,12.91,13.88,14.0509,93.7193,2916.041,54.2568,126.8797,140.7353,0.247
100.9209,11.2018,1.1418,21.7899,352.2763,9.0093,1.2905,7.23,10.655,5.495,2.7142,41.1852,710.69,18.3685,2.2078,35.5112,0.051000000000000004
473.856,85.2245,12.9199,213.0089,693.0634,5.5601,2.8573,3.585,4.64,6.405,53.5243,182.8142,4680.1465,117.27,19.7738,212.2595,0.333
107.6304,14.9003,91.1961,23.3534,391.178,7.2234,1.4828000000000001,13.09,17.05,7.31,1.6097000000000001,31.7181,646.2935,28.342,214.9263,53.7642,0.075
362.8596,25.057,7.5485,117.854,919.3928,14.4814,1.7316,10.72,12.88,12.9,9.8986,78.6678,2284.5082,45.3397,16.6439,123.4115,0.17300000000000001
914.2972,92.7711,176.083,663.9362,1472.7062,9.8554,8.7113,7.51,8.55,10.075,79.6907,223.1503,9135.1577,153.5757,344.8239,225.5243,0.461
266.0859,24.1983,3.6497,87.8537,616.9359,10.9961,0.31351,8.71,9.73,11.3,9.0803,75.3481,1930.2674,41.5708,7.5092,69.6832,0.074
690.854,79.9347,12.6046,248.5313,720.4734,8.6427,8.4872,4.285,5.86,7.895,52.2298,180.3362,5013.0227,115.0067,20.4729,222.6599,0.35100000000000003
154.4173,22.3019,25.3359,44.8574,542.7764,6.924,2.4078,14.255,16.47,15.67,2.8327,42.0673,1030.1487,43.3344,61.4318,87.2918,0.125
212.8005,8.7467,1.2979,27.385,347.4305,24.3293,0.27544,6.45,9.735,4.35,3.8243,48.8884,868.1365,13.9391,2.4161,31.8946,0.045
94.1207,39.3336,387.9474,67.2144,1152.2636,2.3929,8.3023,42.89,45.23,34.02,1.4102000000000001,29.6748,1058.6665,100.6591,1357.9741,93.5425,0.711
170.7852,22.2217,226.0736,36.7196,640.6003,7.6855,3.2928,26.815,32.79,10.545,1.2328000000000001,27.7494,756.955,50.5674,676.6683,69.4994,0.091
273.2688,35.8114,14.623,104.3195,890.361,7.6308,6.3446,13.275,19.96,11.44,7.0727,66.4726,1974.6099,68.3566,34.6243,125.7451,0.41300000000000003
310.3027,15.9364,30.3916,99.8644,708.4757,19.4713,0.89961,9.6,12.1,15.49,9.3778,76.5681,2075.9052,28.0517,64.5919,59.4523,0.064
115.1178,9.2266,42.3186,18.4713,469.9424,12.4768,0.5171600000000001,28.185,32.505,3.01,0.59003,19.1973,446.5505,21.2591,128.7867,24.8521,0.035
181.0505,41.8266,415.8048,135.2999,1277.8077,4.3286,41.5173,25.94,30.09,25.55,4.6975,54.174,2030.8194,94.3941,1230.8718,158.4945,0.304
249.4078,29.9513,7.8134,119.4905,1188.7641,8.3271,2.2615,23.98,27.78,29.66,4.4866,52.9341,1885.9383,66.2793,22.5316,113.2852,0.185
146.8793,19.8625,15.1632,68.1647,989.3947,7.3948,1.812,24.06,30.68,17.46,2.5566,39.9752,1239.7484,43.9903,43.7747,77.9274,0.193
157.1131,52.384,49.5122,147.2875,1464.6953,2.9993,14.1657,27.56,32.29,30.125,4.8116,54.815,2130.5348,120.024,149.5566,127.8616,1.235
136.8425,8.723,2.8785,22.9061,325.2093,15.6876,0.41805000000000003,8.735,10.18,7.02,2.3606,38.4059,703.4418,14.9961,5.9283,33.4011,0.044
91.312,24.8051,151.3338,29.357,624.8389,3.6812,1.0404,29.745,33.755,28.21,0.8884000000000001,23.5566,623.5573,57.9288,468.8931,81.0796,0.157
96.2036,7.9067,2.0437,16.0029,445.2428,12.1674,1.0608,23.46,32.47,4.47,0.6145700000000001,19.5941,420.0995,17.4011,5.8504000000000005,36.7097,0.051000000000000004
32.8367,7.9054,3.6759,4.7577,248.9536,4.1537,0.2096,27.655,28.775,0.0,0.15486000000000003,9.8352,162.2039,18.1288,11.1163,28.9626,0.049
323.1494,20.7637,1.7762,50.7416,448.0414,15.5632,1.227,5.125,10.03,4.145,8.9251,74.6682,1460.6658,31.2413,3.0623,52.568,0.061
181.0806,11.693200000000001,41.076,10.9845,182.9338,15.4859,0.31083000000000005,9.26,11.88,0.655,1.0678,25.8253,399.3677,20.398,86.2565,23.2613,0.029
211.007,30.4961,24.5072,89.7988,1301.9185,6.9191,9.895,35.72,42.7,33.92,2.2628,37.5959,1377.7348,74.5542,80.7106,149.3205,0.398
39.192,1.314,0.13823000000000002,0.7313000000000001,52.2522,29.826,0.0028339,7.46,10.265,0.0,0.088294,7.4271,55.2839,2.1716,0.27008000000000004,3.7902,0.025
235.7276,20.8918,6.3715,103.0967,942.9785,11.2832,1.8352,13.16,17.99,15.63,7.0539,66.3977,1962.7153,39.7915,15.0427,97.8292,0.183
134.8798,11.9378,1.5042,13.7575,223.8809,11.2986,0.37312,8.64,10.64,3.115,1.4356,29.949,481.7587,20.4669,3.0867,30.1042,0.033
142.5305,8.5165,2.0371,28.0308,465.6516,16.7357,0.51698,11.975,16.125,8.285,2.1071,36.2833,756.308,15.8428,4.6607,31.584,0.043000000000000003
273.6834,17.0255,35.93,50.2274,363.5081,16.0749,0.45639,5.755,7.35,7.42,7.8803,70.1818,1410.4558,26.37,64.3882,36.6546,0.036000000000000004
144.1485,9.975999999999999,1.1613,27.6518,374.4818,14.4495,1.6184,9.15,11.38,9.03,2.719,41.2132,800.3239,17.3505,2.4289,27.3641,0.031
130.1949,9.1674,5.0441,22.624,447.5144,14.2019,0.18735000000000002,22.02,27.17,9.065,0.9247900000000001,24.035,552.9348,19.8587,14.1382,19.7407,0.023
414.2005,26.5829,2.3155,146.7154,692.343,15.5815,1.0731,6.035,8.55,10.715,21.8798,116.9429,3106.7018,41.665,4.2157,56.3856,0.058
434.0241,23.5457,5.4475,259.8945,1205.1312,18.4332,1.1703000000000001,9.56,10.61,14.35,24.5113,123.7574,4256.8235,41.4025,11.5616,85.7564,0.139
1018.9912,43.9106,35.1276,226.9676,845.3894,23.206,2.9982,5.86,10.22,14.58,34.9315,147.9132,4354.7096,68.3194,63.3306,136.4974,0.447
94.5224,24.8616,200.2206,27.1416,719.8879,3.802,2.4045,46.83,49.555,38.83,0.5217900000000001,18.0526,524.8957,65.0368,721.6892,77.0178,0.218
153.1282,12.7697,1.7743,43.3812,600.8718,11.9916,1.6674,15.3,17.64,10.68,2.552,39.929,986.9111,25.2553,4.4048,47.7646,0.047
203.6193,36.8928,59.3629,124.5514,1206.5946,5.5192,6.72,28.83,35.04,30.065,3.8881,49.2747,1857.2004,85.4874,182.0247,180.2192,0.772
409.272,41.2355,89.6379,207.2716,883.3191,9.9252,4.8819,6.4077,8.268,10.686,29.1274,134.9083,3966.5139,65.6066,166.4915,143.414,0.211
708.2742,61.6071,17.3658,415.5916,1169.9243,11.4966,1.7288000000000001,5.895,7.235,10.855,63.3228,198.8729,6809.3461,95.9957,31.3707,199.1655,0.47500000000000003
134.9404,11.3767,2.0746,20.824,315.5077,11.8611,1.4572,8.865,12.185,6.1,2.1143,36.3463,652.4223,19.6307,4.2937,30.5517,0.04
976.0419,67.401,24.2975,652.0632,1643.896,14.4811,14.3539,5.69,7.48,15.13,103.3053,254.0048,9656.4831,104.0985,43.3776,338.7328,0.441
888.7405,35.6087,8.9624,979.831,2664.5007,24.9585,11.6912,12.845,15.575,23.55,68.6433,207.0895,10680.8061,67.4123,20.9896,78.3535,0.126
36.7081,5.723,1.4304000000000001,2.6037,184.6611,6.4141,0.07230299999999999,21.92,35.62,0.0,0.10690000000000001,8.1724,109.3818,12.3832,4.0031,23.7167,0.038
234.1868,14.3835,4.0391,18.4211,169.0016,16.2816,0.20372,3.295,3.705,3.69,5.0339,56.0884,762.4948,19.3789,6.0104,31.1951,0.038
292.1754,46.8886,96.7473,138.0831,903.0426,6.2313,2.0501,11.37,15.91,19.615,10.9264,82.6171,2532.1268,86.1009,217.55,140.7086,0.28500000000000003
190.2874,14.1689,1.2176,19.8531,311.2722,13.4299,0.9833900000000001,8.485,13.71,6.395,2.1059,36.2756,636.4259,24.1824,2.4834,31.862,0.037
83.9537,7.941,1.3074,2.8494,75.6505,10.5721,0.15978,4.805,5.41,0.25,0.5349200000000001,18.2804,171.3262,11.7571,2.2062,24.5046,0.031
85.1529,9.2158,8.8077,15.6042,343.5346,9.2399,0.16623000000000002,15.5,18.37,10.74,0.9065000000000001,23.8012,457.1552,18.2859,21.9604,30.6035,0.033
587.4095,24.655,1.4716,242.918,1047.8303,23.8252,2.428,5.01,9.43,10.72,43.6672,165.2225,4753.5995,36.8862,2.5181,51.105,0.07100000000000001
396.2905,51.0219,36.3397,103.8416,464.1975,7.7671,7.0557,4.515,6.34,5.065,20.7812,113.9641,2585.1201,74.3739,60.0621,203.1171,0.47900000000000004
44.1972,7.9751,3.4076,4.4705,235.4942,5.5419,0.28044,25.575,27.85,0.0,0.15734,9.9123,157.8216,17.9345,10.0398,26.9916,0.032
117.6247,12.6579,4.7182,19.4311,349.7255,9.2926,0.20024000000000003,10.41,15.855,5.63,1.6800000000000002,32.3987,594.9995,22.7366,10.3022,47.2821,0.065
109.992,1.8813,2.9148,3.6819,76.0613,58.4675,0.0046935,3.265,4.825,1.29,1.0161,25.21,228.7181,2.5288,4.3242,2.8384,0.025
587.3486,45.7065,86.9461,379.071,1166.6189,12.8504,5.4774,8.64,9.725,12.885,39.5118,157.13,5789.5591,78.3622,178.4108,174.6733,0.294
209.7984,10.7911,2.3487999999999998,53.8054,633.2351,19.4418,0.16982000000000003,12.26,15.99,10.57,3.952,49.6996,1226.8012,20.1924,5.416,36.9,0.053
504.4549,52.3934,15.1207,316.3043,1488.4212,9.6282,20.0185,8.54,13.62,17.74,33.3305,144.4441,5073.1631,89.5655,30.907,228.9176,0.366
188.2336,14.789,13.0142,42.2671,619.6671,12.7279,0.5098600000000001,18.525,23.655,12.62,2.0536,35.8168,922.5915,30.6817,34.4353,62.9695,0.068
655.2131,27.9764,4.9174,157.2491,706.3082,23.4202,1.538,5.195,7.115,8.215,27.2791,130.5505,3399.8571,42.2365,8.5166,91.7458,0.132
633.1215,33.6258,6.6217,198.518,976.4266,18.8284,3.8563,8.25,10.4,12.19,21.6873,116.4502,3609.4194,56.9884,13.3799,141.562,0.161
108.0667,11.7153,23.8892,6.2218,115.965,9.2244,0.07985099999999999,4.04,5.2,2.7199999999999998,1.3916,29.4719,321.5908,16.6092,38.0477,28.6892,0.038
335.1995,15.6581,7.0308,83.8159,723.5305,21.4074,0.23024000000000003,11.1,14.22,12.925,6.7995,65.1775,1753.107,28.5805,15.6837,61.8425,0.107
158.4368,15.1629,24.1784,30.7014,433.6738,10.449,0.14361000000000002,12.34,14.315,8.085,2.2409,37.4139,803.9082,28.4191,55.8726,68.8233,0.162
448.5311,22.0779,54.1314,63.509,325.199,20.3159,0.074138,3.04,3.765,4.8100000000000005,18.7881,108.324,1965.7286,29.1525,78.4165,22.9943,0.026000000000000002
365.0555,29.9898,5.1309000000000005,73.6928,446.3387,12.1726,0.179,2.385,5.635,4.315,27.8121,131.9146,2339.8254,37.2689,6.8553,104.0033,0.11800000000000001
699.828,52.9126,12.7349,288.8806,934.4503,13.2261,5.3215,4.08,6.015,8.705,63.7361,199.6309,5697.3361,75.2011,20.3493,159.696,0.199
866.417,41.7668,14.8443,284.5581,1204.7243,20.7442,5.9338,8.76,12.38,13.56,29.1683,135.1124,4648.307,71.855,30.6005,165.2546,0.369
827.3342,130.3818,31.9463,501.2136,1414.1039,6.3455,12.729,5.32,7.54,12.46,85.2842,231.1992,8108.4015,198.0135,55.7688,387.0831,0.739
433.2306,24.0622,3.5648,126.4505,553.7122,18.0046,0.7218300000000001,3.2800000000000002,3.9050000000000002,4.765,34.7885,147.4932,3244.1062,32.3821,5.2965,49.9159,0.069
136.1229,10.8142,1.5277,19.0731,325.3495,12.5874,0.58633,10.205,14.025,4.79,1.6821000000000002,32.4188,589.659,19.3285,3.3137,35.09,0.036000000000000004
43.0491,5.9272,2.038,4.2737,228.8636,7.263,0.13705,20.63,28.34,0.0,0.1867,10.8006,161.2199,12.632,5.5895,20.9718,0.033
168.2254,20.8878,78.3031,53.116,687.9638,8.0538,1.6622,17.31,20.4,12.2,2.7627,41.5498,1114.2979,42.6056,202.5557,102.4482,0.192
524.2739,73.0079,11.3779,224.763,789.0636,7.1811,10.2225,4.945,6.485,8.73,40.9505,159.9752,4499.4768,108.8707,19.3843,198.0166,0.273
42.5204,6.6651,2.207,4.7796,249.2182,6.3796,0.13531,28.165,32.045,0.0,0.15272000000000002,9.767,161.9939,15.3543,6.715,38.1077,0.057
289.9244,8.9584,0.46815,53.9071,487.552,32.3635,0.10744000000000001,6.525,9.125,6.625,7.4497,68.2339,1439.762,14.3177,0.8748100000000001,20.1442,0.029
424.0117,21.9599,2.699,123.9367,824.8063,19.3084,1.8877000000000002,9.96,13.63,12.58,11.2056,83.6929,2416.3635,39.0117,5.807,61.7839,0.07
241.5953,38.911,19.3798,82.5861,910.4166,6.2089,5.2687,17.475,24.88,16.065,4.2581,51.5655,1547.9169,79.5567,50.2909,133.7811,0.34
145.0162,12.4213,2.4387,9.4316,181.6639,11.6748,0.054404,7.01,11.17,0.915,1.2147000000000001,27.5506,382.8747,20.2115,4.6674,31.5318,0.051000000000000004
320.6725,44.3387,165.7083,192.269,1149.4475,7.2323,14.4797,14.76,15.57,16.175,11.7232,85.5242,3038.6199,86.907,406.4805,207.8336,0.308
327.325,14.4965,1.0384,41.0449,382.5762,22.5796,0.52495,6.8100000000000005,8.74,7.76,5.4358,58.3077,1161.8827,23.418,1.9682,30.0251,0.031
633.9869,40.1412,99.0478,347.424,888.418,15.7939,7.1159,3.68,5.715,8.185,84.9909,230.5433,6715.1028,55.5972,152.9188,142.4266,0.199
311.175,72.96,34.9047,86.7034,669.7322,4.265,3.0011,8.215,12.34,6.92,9.5104,76.902,1932.9025,123.5198,70.4292,177.5001,0.669
475.508,40.5714,16.2084,150.8243,1016.0297,11.7203,3.6527000000000003,12.225,16.015,16.655,11.1126,83.324,2659.3773,75.8634,37.3385,135.2839,0.203
282.9775,26.4115,10.418,116.278,945.2325,10.7142,9.1246,11.69,17.87,12.09,8.9519,74.7999,2211.8657,48.8367,23.6442,89.0574,0.121
518.6263,48.9252,48.8509,169.4188,966.4078,10.6004,2.3405,8.295,10.395,9.94,18.3856,107.1819,3195.8794,83.0304,98.8883,168.0752,0.663
208.1706,17.4023,2.4151,20.7773,299.6372,11.9622,0.6821900000000001,8.64,12.88,6.08,2.1833,36.9438,660.0388,29.8356,4.9557,45.3227,0.049
351.5317,27.5104,3.0615,200.4667,1184.1042,12.7781,2.5308,10.64,13.4,14.8,16.9617,103.0095,3410.254,49.6858,6.7335,95.3827,0.091
221.5245,15.0307,1.7008,26.9825,250.6829,14.7381,0.12159,4.425,6.555,2.685,5.5049,58.6632,945.161,21.8001,2.7923,31.9933,0.034
112.456,8.2593,40.5083,13.3725,312.8807,13.6157,0.49227000000000004,15.63,18.575,6.02,0.77073,21.9426,406.3612,16.4222,101.2816,22.4834,0.035
104.0368,10.473,43.4292,24.1099,467.9321,9.9338,0.25996,17.19,20.27,12.54,1.2627,28.089,617.2245,21.325,112.0832,44.3179,0.067
326.6491,24.2462,3.6713,136.9469,908.5598,13.4722,2.5219,9.22,12.09,10.87,13.3712,91.4312,2654.6476,42.2499,7.6984,74.184,0.08600000000000001
273.4911,16.7618,1.109,21.3602,156.8871,16.3164,0.8461000000000001,0.605,3.46,0.51,31.8797,140.7606,1298.97,14.7829,0.93798,32.2637,0.037
305.4747,4.0484,0.19688000000000003,14.358,148.7279,75.4563,0.016665,1.815,3.455,1.635,7.121,66.7794,735.1943,4.6989,0.24015000000000003,4.0422,0.025
410.6871,40.1663,7.997,125.4014,934.2139,10.2247,4.2198,13.865,20.285,13.725,8.1448,71.3321,2243.2982,77.5072,19.2118,119.8199,0.229
178.2489,19.1042,82.3166,43.6969,566.9968,9.3303,0.7030900000000001,15.13,20.335,12.3,2.6016,40.3128,995.5961,37.6781,203.5951,64.3119,0.064
627.2587,40.3821,84.6427,345.5482,1574.2646,15.5331,8.9928,19.95,22.455,28.065,15.5893,98.6801,4378.403,85.3444,229.564,104.436,0.154
291.9309,129.2004,422.4206,104.9564,568.6103,2.2595,5.5120000000000005,5.95,6.825,7.455,15.9349,99.7246,2429.1925,201.787,765.451,238.7758,0.974
42.7382,4.4403,1.3997,4.584,270.8964,9.625,0.22629000000000002,34.91,42.49,0.0,0.11831000000000001,8.5969,148.9312,10.7932,4.5747,25.0134,0.051000000000000004
345.9185,75.6005,57.1066,175.1686,998.7837,4.5756,2.3741,6.98,11.45,13.135,22.5886,118.6634,3415.0943,122.882,109.1369,147.0348,0.878
60.2797,1.24,0.10177000000000001,0.7481700000000001,28.0191,48.6113,0.0014548,1.7000000000000002,2.22,0.0,0.39740000000000003,15.7768,81.7059,1.4159000000000002,0.12146000000000001,2.107,0.025
144.4176,23.7534,95.9462,54.9369,877.0294,6.0799,5.3758,32.65,35.89,20.59,1.5166,30.7801,975.7675,56.7802,306.6589,101.8196,0.151
464.0917,56.2591,92.3287,132.6148,709.3318,8.2492,1.6254,8.585,11.465,13.725,13.9019,93.1995,2636.2722,96.3003,189.053,105.5536,0.17
365.1756,41.4599,8.1406,240.2322,1293.0013,8.8079,5.1049,9.89,13.32,16.28,21.8574,116.864,3973.0059,73.5237,17.4739,151.2443,0.187
162.0538,57.1276,280.5956,137.2602,1409.945,2.8367,14.6549,27.67,31.205,31.255,4.4644,52.7945,2017.8444,131.0233,848.6929,142.6946,1.178
111.7236,8.3787,0.81576,11.1969,249.4096,13.3343,0.057148,5.86,14.72,2.465,1.7203,32.7917,454.5629,13.0361,1.4707,21.6036,0.031
472.2084,40.9528,16.4014,212.7644,1008.5547,11.5306,2.3125,6.59,9.835,11.55,29.0742,134.6365,4010.3944,65.6153,30.7499,188.3504,0.405
80.9888,14.0881,79.381,22.4429,625.3076,5.7487,1.6557,43.895,47.86,3.795,0.46015000000000006,16.9509,462.3758,36.2624,280.0196,60.0778,0.154
146.9717,9.771,1.1584,33.9448,497.3651,15.0417,1.0315,13.035,16.65,7.0,2.3437,38.2649,854.5861,18.5658,2.7262,34.9339,0.04
358.421,11.3788,1.17,120.3817,821.7814,31.499,0.7866200000000001,9.48,11.76,12.95,11.4337,84.5469,2393.5943,19.9664,2.4763,32.9918,0.041
278.2916,27.6156,18.1481,122.5059,916.5267,10.0773,0.77088,10.5768,14.9643,16.0251,10.4245,80.7005,2357.7149,49.8015,39.8367,78.5199,0.082
262.3112,48.9139,23.4343,109.5605,722.0197,5.3627,1.7312,8.725,11.94,9.565,11.3198,84.1006,2278.1468,84.0666,48.2437,146.7919,0.424
179.2488,9.0662,3.8782,20.3551,268.9052,19.7711,0.09931699999999999,6.14,9.2,4.08,2.9882,43.2145,703.928,14.2714,7.1016,20.4068,0.026000000000000002
124.7849,48.0434,216.9119,78.5599,1038.6443,2.5973,8.033,32.07,33.315,34.675,2.204,37.1012,1279.7673,114.3294,689.1543,113.9884,1.124
743.6543,39.1547,15.0288,649.7936,2117.4981,18.9927,7.1021,12.8,15.695,22.405,45.715,168.9978,7860.0752,74.0605,35.1555,97.1162,0.139
32.7152,5.6035,2.8003,4.7292000000000005,249.0777,5.8384,0.22782000000000002,24.055,27.7,0.0,0.17714000000000002,10.5192,167.3312,12.4096,8.0835,31.9966,0.048
88.0128,15.4347,2.7161,23.8472,548.324,5.7023,3.215,21.2,28.2,6.15,1.0123,25.1485,580.6795,33.1194,7.5172,61.1956,0.091
231.2171,27.088,47.4867,215.6659,1969.1954,8.5358,5.7054,44.74,47.84,48.06,4.3502,52.1279,2517.4095,70.057,168.5793,107.0513,0.406
159.2317,12.5802,1.2854,10.5453,142.888,12.6573,0.6872600000000001,2.83,3.79,1.12,3.3563,45.8063,521.5315,16.3168,1.8182,31.9729,0.04
447.6922,51.4066,8.1165,535.9401,1814.6257,8.7088,7.2492,8.985,10.885,16.02,53.6533,183.1022,7426.7572,89.0018,16.8736,178.1976,0.227
250.5516,28.2139,73.4196,40.6534,285.7124,8.8804,1.5394,5.99,6.23,6.47,6.1057,61.8018,1189.0918,44.1387,133.3382,59.0043,0.059000000000000004
497.1948,39.6347,104.3575,111.8205,635.0892,12.5444,1.2741,8.885,10.905,13.555,11.3305,84.1314,2300.2025,68.4289,216.1438,124.2284,0.17300000000000001
262.1811,14.8278,1.3376000000000001,36.2049,383.6037,17.6818,0.7179800000000001,5.94,7.765,5.96,5.4907,58.5828,1092.8187,23.1485,2.4224,34.3579,0.035
483.6323,31.1103,2.4009,137.1271,862.5703,15.5458,0.59548,10.42,13.93,13.8,11.8581,86.0959,2578.7392,55.8947,5.2439,70.6137,0.088
620.4955,17.7623,3.1831,100.567,717.9525,34.9333,1.1038000000000001,7.53,10.72,12.28,12.0463,86.7891,2218.6841,29.4237,6.2389,72.9047,0.096
263.8204,44.2647,19.697,80.7711,765.9119,5.9601,3.3113,12.565,19.325,13.83,5.7911,60.1508,1653.6484,83.3391,45.7918,155.2392,0.521
166.5089,31.1446,9.630700000000001,40.2432,437.8908,5.3463,8.4177,10.4,11.57,9.85,3.4834,46.5981,1025.814,55.9295,21.0216,133.4169,0.384
129.9225,17.0224,222.8081,28.6499,561.9454,7.6324000000000005,0.6975800000000001,26.925,30.155,13.04,0.95935,24.4794,628.4624,38.7758,667.8049,44.6697,0.07
353.8732,11.2682,30.1922,45.2103,296.8857,31.4047,0.052208,3.555,4.76,5.785,11.4516,84.6257,1467.8215,15.4726,46.0796,26.1856,0.027
46.0751,6.2752,1.7956,3.5911,155.1871,7.3424,0.16449000000000003,12.185,13.675,0.0,0.26528,12.874,161.2431,11.7242,4.1318,30.9994,0.03
947.5749,88.035,71.6513,473.299,836.4957,10.7636,4.4911,3.26,3.5300000000000002,5.45,130.6941,285.9131,8728.9092,118.2931,106.2421,171.4525,0.243
133.0512,50.2643,349.5905,99.1321,1218.4499,2.6470000000000002,5.0447,29.41,34.675,28.61,3.0338,43.528,1557.3997,117.0533,1079.0906,101.3888,0.784
53.332,8.9208,25.8872,7.9818,262.7466,5.9784,0.8700500000000001,13.1,17.79,0.04,0.5482600000000001,18.5075,288.1759,16.9715,61.0252,30.4463,0.032
103.3869,7.0052,1.73,8.6418,179.6288,14.7586,0.16983,5.225,7.66,1.88,1.4885000000000002,30.5029,385.0833,10.5911,3.002,23.3076,0.03
212.8258,45.5274,28.5128,107.3294,943.6235,4.6747,8.7805,13.705,19.74,12.79,7.0486,66.3518,2000.8688,87.5978,68.2337,200.2236,0.526
208.3991,37.6447,54.5086,87.8574,919.8315,5.536,3.5156,19.505,21.48,23.015,4.0541,50.3185,1576.3951,79.1116,146.7282,100.5531,0.506
362.9042,77.139,375.7903,211.0316,1069.7177,4.7045,14.8888,12.955,16.475,20.59,14.6634,95.7119,3370.294,146.3469,882.5881,248.0487,0.521
264.01,15.8252,1.3691,90.2769,692.6322,16.6829,1.564,9.635,14.055,10.455,8.4334,72.5913,1919.7837,27.8813,2.9132,36.9704,0.053
286.0282,16.9008,11.5242,38.3098,515.8847,16.924,0.20865000000000003,19.455,22.58,7.17,1.7819,33.3626,849.973,35.4948,30.9946,51.058,0.096
762.1577,44.9454,15.1916,606.019,1787.48,16.9574,24.0424,9.745,12.745,19.275,55.974,186.9729,7981.0283,79.4111,32.4488,187.6518,0.214
181.7794,45.3869,474.1287,117.7489,1215.6486,4.0051,18.6459,31.445,37.28,18.19,3.3708,45.8856,1742.9712,107.4777,1496.5117,150.0852,0.319
380.8952,24.2075,3.7267,63.3618,407.3582,15.7346,0.29988000000000004,3.935,5.335,4.47,14.5079,95.219,1843.137,34.0947,5.8835,42.7221,0.061
161.1827,22.2246,10.284,71.4353,1109.0342,7.2524,1.8541,31.885,35.765,29.485,2.0163,35.4854,1193.6225,52.8118,32.6106,103.2876,0.215
844.0205,37.8212,14.9681,634.5981,1559.3558,22.3161,5.0191,6.085,7.05,12.76,93.8767,242.1992,9297.9932,59.4019,27.3267,154.1762,0.324
221.0969,26.219,10.4415,74.9967,812.3864,8.4327,4.1886,12.55,20.73,8.44,5.3854,58.0146,1565.4104,49.3488,24.2648,96.4421,0.11900000000000001
165.9376,29.0932,157.4878,47.5194,559.7762,5.7036999999999995,2.4471,14.055,16.45,12.09,3.0482,43.6371,1080.6866,56.3311,380.0644,83.4395,0.145
94.7269,8.9444,1.1039,13.0112,273.9864,10.5907,1.0533,7.68,10.85,3.85,1.5248,30.8681,475.2764,14.8898,2.1779,27.1619,0.034
272.0476,22.9321,5.9667,105.4719,905.526,11.8632,5.7614,12.99,19.68,13.885,7.3082,67.5582,2001.342,43.5357,14.0262,108.196,0.14300000000000002
204.3906,11.9069,1.3888,22.9847,374.4597,17.1657,0.48181,11.51,16.8,3.015,1.7999,33.5288,658.6656,21.9314,3.1358,28.911,0.035
571.2244,24.397,2.2568,363.3027,1505.13,23.4137,4.2644,12.32,14.24,18.55,26.5431,128.8033,5130.9264,45.7078,5.2122,69.3661,0.083
300.9597,42.809,10.4852,122.9674,762.7894,7.0303,0.7923500000000001,9.76,11.5,12.12,11.3672,84.2969,2417.9227,75.6654,22.4074,162.8714,0.222
847.5315,67.6879,21.1193,567.2129,1467.9068,12.5212,0.8614700000000001,6.9564,8.547,10.3224,73.3833,214.1785,8267.1523,109.9276,40.3157,204.3608,0.525
202.4628,7.3326,0.74275,62.5221,650.5378,27.6112,0.46167,11.47,14.58,10.96,4.9118,55.4086,1396.8426,13.4943,1.6751,23.4169,0.029
118.778,8.9256,1.1708,9.484,185.6392,13.3075,0.14049,6.45,9.645,2.59,1.3259,28.784,392.1996,14.2243,2.1793,22.1937,0.03
110.8645,7.801,17.9285,15.5665,344.4512,14.211500000000001,0.12123,17.13,20.515,10.215,0.8177800000000001,22.6025,444.7472,15.8706,46.2163,33.3966,0.054
150.8817,9.3648,0.81542,16.1502,168.5005,16.1116,0.16101000000000001,3.24,3.47,3.45,4.49,52.9604,693.7448,12.5642,1.2066,24.4894,0.023
75.5647,1.8229000000000002,0.09973599999999999,2.0084,57.0505,41.453,0.0042619,1.82,2.455,0.685,0.9985100000000001,25.0025,168.6597,2.1173,0.12177,2.9551,0.025
825.2065,40.0044,8.1307,354.2759,882.4016,20.6279,3.243,2.795,4.725,9.345,114.0901,267.1591,7300.3878,51.7253,11.4531,130.5669,0.20600000000000002
142.0731,51.6831,154.4746,71.9835,929.2098,2.7489,3.5034,24.99,28.49,25.3,2.5919,40.2297,1275.5676,115.5554,451.6261,81.0981,0.502
62.1528,5.516,18.4729,7.8155,354.4279,11.2678,0.10181000000000001,31.11,38.51,1.3599999999999999,0.22607000000000002,11.883,228.4761,13.027,58.099,23.137,0.033
440.429,20.5905,4.7547,96.5309,763.3019,21.3899,0.9333,10.5,14.49,13.81,8.2761,71.9242,1976.5458,37.065,10.4117,57.9279,0.078
58.1707,1.8904,0.6308900000000001,4.1876,247.7154,30.7716,0.013529,27.81,37.725,0.025,0.13555,9.2014,147.1919,4.3411,1.9114,5.8114,0.026000000000000002
89.4035,11.2945,4.1565,16.6005,487.3184,7.9156,2.213,28.96,35.93,3.58,0.5160800000000001,17.9558,409.4566,26.201,12.7641,49.5826,0.07200000000000001
175.8407,30.0184,80.2815,68.8434,854.7006,5.8578,1.8623,33.22,35.285,33.96,1.8649,34.1265,1149.0485,72.0673,258.0767,107.3255,0.507
492.7385,44.5154,5.0581,529.8105,1794.3542,11.0689,6.6614,9.815,12.035,16.74,48.5881,174.2403,7205.5664,78.7921,10.8296,120.8907,0.138
1009.9261,41.5727,16.4496,1332.4398,2883.8093,24.293,13.5045,13.345,16.96,23.895,89.8596,236.9397,13323.4297,79.458,39.0177,97.5814,0.17300000000000001
160.4004,8.9872,39.6157,19.3278,259.2968,17.8476,0.20969000000000002,6.82,8.79,6.235,2.5513,39.9311,658.9597,14.5235,75.1269,21.8878,0.025
229.0089,61.3376,841.8785,92.933,901.9263,3.7336,1.7915,33.985,34.53,35.005,2.4646,39.235,1432.6959,148.0979,2726.9585,99.0686,0.257
277.6899,18.1239,13.6501,27.7582,207.1535,15.3217,0.25563,2.73,3.365,3.79,9.1666,75.7243,1088.765,23.2966,19.0776,43.4587,0.049
113.4273,10.115,30.7366,20.5722,341.1394,11.2138,0.5651,12.76,16.07,6.25,1.4521,30.1199,590.4806,19.1174,71.8244,32.0968,0.046
1195.8753,114.5026,39.0441,894.7616,2104.5079,10.4441,4.9309,7.02,8.18,33.27,114.6756,267.7946,11611.0465,186.3802,74.7597,352.4969,0.874
548.1199,37.1417,5.704,86.8823,396.0306,14.7575,3.0015,1.955,4.33,4.62,40.0706,158.1686,2781.3386,43.9186,7.1322,93.6438,0.113
747.9984,92.832,114.4997,453.2876,900.2033,8.0575,11.3314,3.35,3.59,5.185,121.7631,275.9608,8390.6095,125.5912,171.3244,251.8145,0.446
178.4587,27.6614,13.5654,86.78,1138.0007,6.4516,2.1981,26.7,32.3,25.18,2.9269,42.7684,1445.24,62.8784,40.545,89.7921,0.359
154.6392,24.9864,169.4724,101.5669,1213.4206,6.1889,21.0558,30.74,36.24,24.33,2.9782,43.133,1570.6042,58.8342,530.8847,119.6334,0.23700000000000002
105.7136,8.004,13.2382,5.6287,133.9479,13.2076,0.052153,12.895,13.425,0.015,0.39287000000000005,15.6669,222.6825,15.1674,31.0435,27.2198,0.04
475.3176,20.1289,2.9983,104.9237,538.8002,23.6137,0.33777,3.015,4.885,5.19,31.3279,139.9749,2875.5374,26.5242,4.3315,46.7411,0.063
341.649,48.1035,313.0749,93.5737,620.4325,7.1024,6.5511,10.235,12.645,8.5,8.2345,71.7294,1943.5217,86.0397,679.7422,94.4453,0.14400000000000002
440.0906,60.4276,18.7663,234.9274,1168.0862,7.2829,6.6525,7.435,10.535,11.175,28.5352,133.5341,4207.5468,99.7827,36.6274,260.3891,0.522
297.2143,21.6706,139.0044,146.3713,1311.2356,13.7151,3.5368,24.61,30.235,33.58,5.3529,57.8245,2181.3435,48.2668,404.3268,76.1677,0.1
226.9786,20.3759,34.5322,89.0089,688.3692,11.1396,1.4072,10.2,12.06,11.38,7.8792,70.2169,1879.1539,36.4138,74.8901,86.4244,0.112
45.9456,9.0507,103.4173,5.4571,246.3931,5.0764,0.28883000000000003,24.18,31.12,0.0,0.20324,11.267900000000001,185.9917,20.07,299.0511,30.0064,0.048
1465.1941,122.6311,33.2289,595.6069,1417.6351,11.948,5.8004,6.2,16.1,19.0,87.3951,234.002,8913.0292,193.5079,61.0446,229.494,0.68
400.0425,34.8377,26.2551,167.2118,935.8731,11.483,1.9301,10.02,13.185,17.01,15.0217,96.8735,3018.1528,61.9822,56.6027,114.2212,0.11900000000000001
551.8571,24.8486,2.4896000000000003,140.6756,940.1037,22.2088,1.6441,11.3,14.24,13.98,11.2162,83.7683,2577.262,45.5587,5.5867,61.3645,0.059000000000000004
106.6323,7.702,1.6276000000000002,11.3337,281.7345,13.8448,0.06725199999999999,13.985,16.81,2.73,0.7291500000000001,21.3423,368.7165,14.8942,3.9213,23.3567,0.026000000000000002
141.4295,41.0022,140.4506,98.2681,1025.4767,3.4493,4.7871,21.43,25.68,18.005,4.1292,50.7876,1675.5115,88.2192,390.1194,99.7791,0.318
98.8231,15.8812,31.0942,36.6199,671.8231,6.2227,2.4304,28.315,31.535,25.645,1.1638,26.9616,744.9486,36.6342,94.7729,66.6199,0.10400000000000001
284.4822,27.4168,88.1088,82.617,712.5707,10.3762,2.6804,13.055,15.275,14.175,5.6975999999999996,59.6474,1664.4691,52.1148,207.465,112.6977,0.159
54.4691,6.4567,17.4202,7.9267,258.2773,8.436,0.8155600000000001,15.88,18.795,0.07,0.44927000000000006,16.7508,273.1976,12.8891,43.7862,31.735500000000002,0.04
210.4881,41.6472,19.4836,123.4531,1257.0979,5.0541,13.8684,23.51,40.095,16.9,4.7261,54.3285,1941.6377,91.7064,55.8153,133.5229,0.651
148.3096,20.9337,85.1497,62.9996,866.6061,7.0847,1.2598,26.215,29.79,28.025,2.163,36.7543,1140.8744,47.3679,252.9491,76.5136,0.129
548.5002,36.3258,10.8349,209.493,1000.344,15.0995,3.2505,6.375,10.62,9.665,29.6051,135.9915,4004.128,57.7212,20.0902,95.6001,0.134
174.8716,14.7503,10.6082,29.499,414.7112,11.8554,0.34625,9.47,16.83,3.99,2.8034,41.8533,833.2379,25.8755,22.4436,52.4499,0.065
475.1093,39.6576,25.1324,135.5047,838.7523,11.9803,1.845,6.715,10.875,8.84,18.1663,106.543,2849.7743,63.8392,47.4151,177.9486,0.339
174.0225,7.8476,0.62216,30.2613,468.0635,22.1753,0.51037,14.16,19.47,9.05,1.924,34.6703,768.1888,15.223,1.5051999999999999,18.636,0.027
124.7189,10.4482,11.5872,5.5471,107.1167,11.9369,0.040763,10.625,11.93,0.265,0.46983,17.1334,231.1693,18.8636,25.4735,31.3395,0.041
194.2183,73.7265,20.2524,76.4644,563.2758,2.6343,28.4341,6.825,10.12,9.18,10.0863,79.3015,1844.9031,119.1652,38.416,240.0798,0.726
354.7941,15.329,23.432,69.9402,403.4311,23.1452,0.61546,5.55,6.565,7.24,11.3723,84.3032,1823.5292,23.5282,41.4866,36.567,0.054
123.4937,29.6697,65.2553,50.8886,780.8813,4.1623,2.2529,30.95,32.6,30.42,1.4803,30.4069,932.7986,69.9807,204.8815,119.7123,0.196
255.5908,25.1712,3.8308,29.8755,208.2103,10.1541,2.6912000000000003,1.945,2.73,1.465,13.8501,93.0535,1251.8683,29.7259,4.7818000000000005,61.7366,0.061
177.7721,13.3853,11.8077,42.4275,520.9899,13.2811,0.6720900000000001,11.74,14.595,9.46,3.2613,45.1325,1038.886,24.7768,26.8362,54.8801,0.075
185.3422,15.3486,1.3748,33.7477,365.5041,12.0755,0.5745600000000001,7.08,9.3,5.395,4.3016,51.8455,993.3071,25.0368,2.6398,44.4919,0.043000000000000003
245.6409,10.5809,61.1153,22.5318,242.1739,23.2154,0.28600000000000003,5.215,8.28,1.865,3.9023,49.3638,792.0262,15.9896,105.9826,24.9898,0.024
422.1178,23.7442,7.6423,133.0139,907.8654,17.7777,1.1909,10.91,13.41,14.205,10.9729,82.7994,2488.5871,43.1533,16.9499,69.0218,0.081
359.8401,36.0315,25.112,199.8831,1128.7463,9.9868,3.8107,9.0,12.84,11.485,19.9917,111.7496,3543.9705,62.4084,52.235,138.5505,0.382
221.7271,29.7321,7.5809,93.7823,796.292,7.4575,5.3779,12.685,16.705,10.205,6.6556,64.4656,1843.4749,56.111,17.6801,98.22,0.169
258.1463,12.8839,2.8769,87.2313,802.2731,20.0363,0.40506000000000003,11.63,14.79,13.82,6.761,65.0061,1787.3983,23.7927,6.5181000000000004,45.7795,0.058
343.0551,53.8856,1314.1946,311.2935,2495.0127,6.3664,10.6371,43.6,51.0,58.58,6.427,63.3618,3330.3099,138.4663,4625.4625,155.0804,0.388
170.8776,12.5492,1.318,19.3886,314.0057,13.6166,1.2762,8.815,12.205,5.795,1.9799,35.173,619.3346,21.6233,2.7227,33.8669,0.036000000000000004
201.6251,20.6145,115.6891,96.1891,987.1868,9.7807,5.8677,23.245,25.62,25.85,3.7223,48.2202,1614.3874,45.2643,330.1686,77.6987,0.085
679.504,66.0203,16.166,200.6179,810.961,10.2924,2.8181000000000003,4.77,7.225,11.2,37.8363,153.6891,4161.2485,97.5679,27.2129,204.1478,0.291
265.7118,11.0061,3.0677,49.588,367.1835,24.1423,0.43499000000000004,5.085,7.22,5.305,8.8237,74.2452,1442.6074,16.5274,5.2752,31.5195,0.042
303.1962,15.0273,2.1149,44.1386,377.7006,20.1763,0.50227,4.37,7.745,5.25,9.0996,75.409,1368.913,21.7271,3.4577,41.4381,0.051000000000000004
458.8922,37.4719,4.4594000000000005,113.6702,810.2388,12.2463,2.3651,11.56,13.68,12.85,8.8458,74.3576,2180.0505,69.0948,10.0832,97.5066,0.10400000000000001
315.1351,28.4895,7.9011,115.1714,788.951,11.0614,0.45256,6.67,9.97,9.365,15.5564,98.5405,2526.2995,45.7843,14.8729,105.7477,0.198
140.5602,6.5088,0.78522,20.1227,321.3168,21.5955,0.19051,8.645,11.64,6.83,2.095,36.1821,639.9158,11.1607,1.6116000000000001,19.1986,0.024
45.2371,6.6336,2.4632,5.3332,247.229,6.8194,0.24657,19.24,28.37,0.0,0.2499,12.4941,193.714,13.8932,6.6005,30.1378,0.04
218.8099,29.837,5.4472000000000005,114.3186,1122.1735,7.3335,2.9503,26.305,29.105,28.81,3.9154,49.4541,1783.7015,67.5717,16.2,118.9485,0.152
422.5947,41.6563,5.0712,160.2336,881.3982,10.1448,3.0492,8.54,12.34,12.04,16.9017,102.7864,3045.3161,71.2108,10.3657,123.4398,0.14
372.1522,54.547,150.2876,155.049,762.7855,6.8225999999999996,3.0111,5.905,8.355,11.345,23.6386,121.535,3255.8339,85.0307,271.6416,105.9522,0.186
382.3488,22.0966,2.2836,94.8179,583.7098,17.3035,2.4303,4.73,7.37,7.6850000000000005,18.0581,106.2445,2381.718,32.5868,3.8333,71.1447,0.07200000000000001
124.5934,24.835,83.6545,53.6461,1043.4019,5.0168,7.0405,40.16,55.5,13.68,1.2031,27.4133,909.5743,62.5191,286.4754,79.9696,0.136
175.257,30.9082,19.6814,78.7195,1065.0656,5.6702,7.3757,28.835,39.515,24.61,2.4573,39.1773,1316.7768,71.6231,60.3527,109.2238,0.49
148.9734,15.7726,5.7678,42.9584,598.5204,9.4451,0.8059200000000001,15.71,20.55,12.305,2.4626,39.2232,973.6484,31.4012,14.4457,68.0885,0.079
186.2925,21.7033,4.6007,23.8684,227.6227,8.5836,0.16389,3.16,4.63,3.74,6.796,65.1717,935.2589,28.9366,6.7512,72.6918,0.134
611.9494,90.9829,567.0711,174.4594,790.5066,6.726,19.2586,8.495,12.495,9.25,18.5145,107.3215,3240.4988,155.3283,1157.0673,231.4556,0.547
1001.9955,48.3751,46.6961,421.2646,855.945,20.7131,9.0105,2.895,4.235,6.43,131.0967,286.3101,8242.8855,63.1007,66.5524,177.4808,0.224
248.2343,49.5516,589.4754,95.5524,1108.3231,5.0096,10.5331,32.61,37.085,31.955,2.6372999999999998,40.5863,1476.5365,118.4119,1883.2847,103.7145,0.258
489.0922,20.3483,7.0893,199.0896,1211.6857,24.0361,1.9899,13.1,16.02,21.17,13.6791,92.4449,3217.0671,38.712,16.7119,53.9627,0.067
247.9179,43.1102,167.5649,108.3014,954.6434,5.7508,5.457,16.705,19.89,19.445,5.8353,60.3761,1917.4355,87.155,428.3498,102.3152,0.605
821.5216,43.6399,5.2388,597.0982,1912.5742,18.825,7.3635,12.25,14.02,19.06,43.8578,165.554,7455.5161,81.6428,12.0765,142.6773,0.139
612.8342,39.1701,17.0289,188.5709,696.646,15.6454,2.5647,4.6,6.18,7.32,36.8852,151.8466,4013.1595,57.3647,28.3208,130.936,0.193
143.9413,50.2974,413.2324,126.398,1397.0248,2.8618,7.8564,30.08,34.89,32.69,3.7813,48.598,1858.0916,117.7917,1285.1495,166.2717,0.684
392.9382,44.7463,8.5777,199.6145,1010.3182,8.7815,3.5243,8.12,11.685,16.2,22.1435,117.6304,3635.4413,75.5346,17.2408,151.9168,0.222
471.9617,38.5467,5.6521,176.5783,739.6713,12.2439,1.0441,5.465,9.14,12.89,29.1908,135.0141,3667.4448,58.9366,9.9558,102.6906,0.14300000000000002
115.848,11.4316,28.2155,33.8028,667.6847,10.134,3.2305,25.37,36.215,9.395,1.1999,27.3765,721.4848,25.6559,82.9075,41.5306,0.055
111.2798,9.6714,1.857,19.9554,474.0176,11.506,0.95657,17.76,27.01,9.09,1.0115,25.1412,531.2526,19.8542,4.845,41.8082,0.055
249.1429,47.5613,48.8449,229.6128,1984.604,5.2384,0.9057100000000001,26.7,32.34,34.145,7.7408,69.5306,2995.8439,108.1139,145.99,128.0027,0.718
200.8582,24.6002,103.3813,56.5758,837.5137,8.1649,6.3836,24.41,29.89,18.285,2.086,36.0958,1071.4443,54.6803,299.8918,83.5537,0.492
138.9384,24.658,8.5552,43.468,841.5484,5.6346,2.8905000000000003,34.24,40.78,12.73,1.1424,26.714,807.9316,59.6473,27.7805,89.9365,0.21
164.514,20.4019,112.8899,70.0809,808.0291,8.0636,0.9665800000000001,33.575,34.08,34.11,1.8778000000000001,34.2431,1161.0969,49.1106,364.1892,90.0547,0.21
579.1927,97.449,34.2855,566.6469,1615.1499,5.9435,25.381,5.52,8.56,14.12,92.8717,241.266,8804.682,149.3696,60.5931,349.8637,0.8310000000000001
113.5442,56.5964,37.5961,98.2029,1455.7578,2.0062,0.60568,40.89,47.91,36.43,2.1612,36.7411,1424.0853,143.1177,129.5236,149.7805,0.844
207.5476,22.1827,59.0574,92.5101,1096.4878,9.3563,3.0469,29.995,32.4,30.74,2.7772,41.6498,1472.1227,51.913,183.4949,89.2778,0.178
252.6758,31.9517,6.2636,117.3371,1211.0683,7.908,5.7508,23.145,33.815,20.81,4.5626,53.3854,1876.5585,70.0824,17.8501,121.2385,0.179
72.3857,1.5664,0.09411699999999999,1.7570000000000001,70.257,46.2112,0.0028206999999999998,4.65,6.58,0.39,0.34012000000000003,14.5821,120.0764,2.3002000000000002,0.15709,2.7039,0.025
306.183,39.3659,7.0217,87.1726,692.8425,7.7779,2.2311,10.655,13.35,11.04,7.3663,67.8173,1823.0039,71.1228,15.4511,109.1651,0.156
265.7918,23.9284,86.2255,81.0591,529.1519,11.1078,0.9453100000000001,6.575,7.625,7.67,11.1093,83.3262,1950.3857,38.3167,161.5354,50.211,0.044
836.5023,118.458,60.0022,457.9913,1147.7975,7.0616,12.323,5.75,7.22,9.515,71.7059,211.5856,7380.114,183.4347,107.4954,295.1433,0.724
37.4735,5.3548,17.6955,4.573,234.7678,6.9982,0.14032,26.395,28.15,0.0,0.15598,9.8694,159.2921,12.1373,52.6871,24.9503,0.051000000000000004
34.0344,6.9016,3.3366,4.6263000000000005,247.4902,4.9314,0.32817,26.46,28.18,0.0,0.15756,9.9198,160.7124,15.6529,9.9427,32.427,0.039
557.5288,52.3375,9.4246,278.7674,1303.6028,10.6526,9.6491,9.08,14.86,18.88,27.6141,131.4628,4542.0011,90.852,19.6618,183.4336,0.255
185.833,10.7791,0.8633200000000001,17.5985,318.4518,17.2401,0.73831,10.87,14.38,6.285,1.4588,30.1851,546.7687,19.5722,1.9123999999999999,22.773600000000002,0.024
134.2754,10.5016,45.1118,26.4452,402.2442,12.786200000000001,0.6883300000000001,13.74,15.795,9.995,1.7347000000000001,32.9181,700.0771,20.2187,108.0485,26.7024,0.039
121.3905,72.2231,542.1734,94.7385,1167.6381,1.6808,13.0415,27.48,29.345,29.725,3.1028000000000002,44.0232,1531.1965,165.3599,1636.1024,140.6974,1.069
931.4603,77.3276,9.713799999999999,692.8675,1685.7783,12.0456,7.6952,6.025,6.73,13.065,103.4488,254.2701,9952.2564,121.1501,17.6756,224.2393,0.34800000000000003
1278.1586,78.4998,14.6015,385.4557,1047.6697,16.2823,7.6439,3.205,6.4,11.17,108.2708,260.231,7515.4068,105.033,21.5282,240.408,0.353
250.8092,21.3024,6.8374,117.8286,1006.1414,11.7738,3.1927,13.18,17.42,14.38,8.0658,71.0266,2173.1465,40.5889,16.1508,104.3094,0.189
347.8993,16.8331,1.8141,110.3317,873.5882,20.6675,1.3107,10.92,14.66,13.28,9.1148,75.5159,2168.5454,30.5999,4.0246,45.8798,0.051000000000000004
266.1847,13.906,3.2468,72.2139,678.2575,19.1417,0.63053,10.845,12.255,11.47,5.9925,61.188,1576.211,25.2354,7.1867,46.9459,0.056
617.6512,30.7647,3.5287,213.8482,777.668,20.0766,0.8950100000000001,3.42,6.36,12.165,56.3331,187.7042,4755.8065,41.8368,5.3165,87.0651,0.089
793.5563,84.3617,26.1713,574.6034,1158.5336,9.4066,20.0492,4.17,4.66,7.24,123.9761,278.415,9486.5218,120.5533,42.1247,282.1451,0.625
837.7561,99.0502,38.5572,1182.176,3119.2837,8.4579,15.3078,16.54,19.78,26.8,64.4134,200.6897,11562.6002,199.751,98.2391,327.3705,1.069
579.377,60.3919,22.5466,399.0785,1137.4603,9.5936,1.6112000000000002,5.315,6.865,8.605,67.5007,205.3491,6784.0764,91.6968,39.3473,198.5312,0.449
134.7554,11.0978,2.6857,25.1133,408.2631,12.1426,0.29523000000000005,11.35,16.285,5.725,1.9919,35.278,705.9176,20.3697,6.0356,36.4792,0.05
412.8381,62.3516,12.9898,168.9584,582.1389,6.6211,6.7959,3.08,4.045,6.83,49.4733,175.9093,4094.571,82.6011,18.8996,205.1481,0.309
217.4557,25.1093,5.8644,75.4648,817.4128,8.6604,1.9791,13.62,18.56,13.66,5.0035,55.9402,1544.0975,48.2369,14.0049,97.814,0.149
258.6083,15.944,1.9595,33.5037,364.2211,16.2198,0.36833000000000005,5.85,11.04,11.43,5.154,56.7584,1034.2453,24.7962,3.5308,45.8251,0.044
95.7964,8.2268,1.9471,6.5889,153.3029,11.644400000000001,0.10295000000000001,4.76,6.9,1.23,1.2459,27.909,321.6775,12.1516,3.2754,27.3409,0.038
116.3011,2.7769,0.9240100000000001,2.8585000000000003,59.8131,41.8811,0.0031858,2.515,3.65,0.5750000000000001,1.0239,25.313,201.9691,3.497,1.2566,2.5422000000000002,0.025
312.4547,26.8463,6.5888,101.1219,809.4141,11.6386,1.4669,12.22,15.71,13.99,7.4459,68.2162,1969.5502,50.1941,15.1762,107.1412,0.14400000000000002
201.5787,17.7244,2.6435,21.3724,220.2764,11.3729,0.6152000000000001,2.8,5.42,2.3,6.9107,65.8357,893.8626,22.9278,3.7259,46.7818,0.057
438.7398,36.9881,8.4388,184.1456,673.6942,11.8616,2.4454000000000002,4.535,6.48,8.42,36.5804,151.2295,3960.4382,53.9767,13.9681,150.3937,0.154
157.4636,68.9229,305.4813,162.1198,1484.8171,2.2846,14.5991,25.755,28.955,29.545,5.6675,59.4812,2328.0942,155.267,902.1355,143.3415,1.221
476.5907,48.3099,17.9838,363.0091,1558.3315,9.8653,11.095,10.395,12.715,13.62,31.4693,140.2241,5353.6035,86.7445,39.2485,202.924,0.294
339.3653,20.424,9.7131,91.6426,703.9874,16.616,1.7879,7.065,10.28,11.045,11.6736,85.408,2097.9936,33.298,18.6379,75.3953,0.10300000000000001
142.0731,56.7696,44.7992,75.7637,1127.0932,2.5026,0.16089,28.25,32.43,25.3,2.4142,38.8286,1285.9881,130.8791,136.4403,82.9404,0.519
154.6392,21.1934,8.737,106.8854,1418.5676,7.2966,0.8644100000000001,35.97,43.71,24.33,2.6766,40.8837,1567.8149,51.9023,28.8409,119.8824,0.314
134.2754,8.189,0.85579,27.8156,498.0508,16.397100000000002,0.9230100000000001,15.69,19.36,10.01,1.5952000000000002,31.568,702.5583,16.298,2.1424,26.195,0.043000000000000003
96.2036,9.5602,54.5316,15.2105,365.8582,10.0629,1.2784,19.69,23.72,4.47,0.69533,20.8439,422.2708,20.1385,147.2529,36.2982,0.048
58.1707,1.9686,3.1445,3.9781,207.3614,29.5495,0.021766999999999998,23.235,28.065,0.025,0.15410000000000001,9.8113,148.1368,4.322,8.9729,5.8177,0.026000000000000002
335.1995,18.0606,34.639,79.7746,581.7966,18.5597,0.16053,9.685,11.245,12.41,7.4137,68.0546,1747.1753,31.8608,73.8355,61.7775,0.10400000000000001
265.7918,16.1836,3.1041,85.2591,698.4463,16.4235,0.37216000000000005,7.565,11.555,8.385,10.1469,79.6281,1954.3567,26.8397,6.0936,56.2857,0.064
98.4404,3.1427,0.36936,2.2986,85.5943,31.323,0.0045347,3.675,6.335,0.06,0.5632400000000001,18.7647,155.8262,4.3513,0.5700000000000001,7.8149,0.023
203.6193,36.2133,28.7105,131.098,1330.1159,5.6228,3.4099,34.24,47.385,31.045,3.4469,46.4004,1849.4822,87.5995,93.2293,180.2706,0.753
262.1811,12.2279,20.1466,34.4215,305.3418,21.4412,0.7979400000000001,5.26,6.035,5.52,5.8919,60.687,1084.2668,18.5182,35.0373,34.7754,0.038
318.0161,26.881,8.8017,168.7459,1175.862,11.8305,3.9713000000000003,12.86,16.81,14.88,11.8203,85.9476,2857.3989,50.9044,20.6213,140.0107,0.253
252.6758,40.3659,194.3388,105.8837,863.0721,6.2596,3.8373,13.915,16.695,18.11,6.8498,65.4124,1973.4737,77.9625,467.4344,118.856,0.136
560.3557,76.1587,41.908500000000004,324.1622,1272.8274,7.3577,6.645,6.9,9.69,12.15,42.2852,162.5637,5444.5228,123.4332,79.7845,244.346,0.841
134.8798,11.9651,1.13,14.4735,272.0859,11.2728,0.44493000000000005,10.48,15.645,3.115,1.2434,27.8729,476.3812,21.5282,2.4729,30.2147,0.034
258.6083,16.3113,4.4257,31.8485,278.7102,15.8545,0.2262,4.7,5.9350000000000005,4.49,6.1007,61.7546,1052.0904,24.0167,7.4133,42.463,0.042
144.4176,24.1202,132.1531,57.8159,966.6166,5.9874,5.5304,35.69,44.42,20.59,1.4586999999999999,30.1865,990.8134,58.9546,435.1037,101.9212,0.17300000000000001
111.7236,8.2348,2.1373,10.6369,179.2421,13.5672,0.22153,4.205,6.0,2.465,2.2808,37.7623,475.8497,11.7922,3.4498,21.6196,0.031
365.1756,38.2249,41.0462,228.2143,1024.0882,9.5534,3.3463,8.33,9.96,11.275,24.6485,124.1069,3990.3986,64.9392,83.206,152.1864,0.179
289.9244,9.323,3.4626,51.2512,356.9665,31.0977,0.23072,5.75,6.55,6.625,8.0451,70.9129,1431.9311,14.4369,6.2034,19.8355,0.029
303.1962,17.5531,19.4286,41.9765,268.144,17.2731,0.26761,3.73,4.46,5.195,10.1258,79.5646,1370.6738,24.3939,30.1309,40.2299,0.048
142.5305,10.2255,27.5095,26.6329,364.0748,13.9387,0.27392,10.045,12.035,8.285,2.3861,38.6115,760.4142,18.2042,59.3562,31.5227,0.042
124.7849,52.3442,75.9038,82.7132,1137.7782,2.3839,9.1098,33.28,34.855,34.755,2.2363,37.3657,1317.6526,125.7228,244.1508,113.9861,1.09
117.6247,15.455400000000001,47.0929,18.4597,293.2581,7.6106,0.19068000000000002,8.47,10.69,5.63,1.9616,35.0084,602.8373,26.3664,95.9953,47.1462,0.065
181.0505,31.4791,15.1375,142.394,1532.1556,5.7514,13.5854,29.61,39.33,26.12,4.3332,52.0268,2042.0213,73.4315,46.8309,156.7044,0.299
153.1282,17.3255,119.5491,41.2412,499.5491,8.8383,1.7762,14.305,15.38,10.365,2.5962,40.2675,966.4421,33.6943,290.2076,47.9536,0.051000000000000004
440.0906,59.8366,20.1332,223.2485,844.8582,7.3549,4.5247,5.96,7.565,10.42,33.7752,145.2934,4275.5485,93.4928,36.5029,259.8826,0.499
762.1577,47.8913,39.215,576.346,1427.1422,15.9143,18.0592,9.065,9.795,12.74,57.2468,189.1325,7831.2861,83.0995,81.7664,183.8963,0.297
75.5647,2.1215,0.8277800000000001,1.9161000000000001,38.3894,35.6178,0.0046194,1.4,1.88,0.685,1.2315,27.7757,173.2055,2.3077,0.9260200000000001,3.301,0.025
60.2797,1.2136,0.073317,0.78763,40.6624,49.6707,0.0014062,2.16,4.145,0.0,0.32937000000000005,14.3587,79.9653,1.4712,0.094774,2.1088,0.025
153.8044,39.0655,151.4487,122.8617,1431.6415,3.9371,8.1836,33.675,37.22,36.56,3.2835,45.2686,1767.46,94.1066,489.0666,104.5714,0.704
36.7081,7.2895,55.5711,2.4737,152.4238,5.0357,0.10249000000000001,17.7,22.31,0.0,0.12619,8.8798,111.3249,14.9518,144.8238,23.1202,0.038
475.3176,22.0852,8.6794,99.7375,377.6009,21.522,0.33731000000000005,2.365,3.085,4.57,37.9765,154.1431,2943.0769,27.3879,11.5638,47.9413,0.062
262.3112,47.9808,20.7331,115.1623,901.2497,5.467,1.9948000000000001,11.895,16.97,9.745,8.7169,73.7923,2186.2432,89.1063,47.3281,146.9499,0.442
1001.9955,58.556,16.0096,400.2701,723.3701,17.1118,8.536200000000001,2.4,2.93,4.025,150.0869,306.4087,8309.1625,72.8826,21.4348,176.0031,0.212
320.6725,43.5419,9.2949,202.365,1330.1873,7.3647,14.3853,15.525,16.74,17.89,11.732,85.5778,3119.3018,86.4302,23.1877,208.5584,0.34800000000000003
136.8425,8.3194,7.2675,25.3708,462.9382,16.4486,0.50121,14.055,20.005,8.02,1.6249,31.8609,674.2207,16.1083,17.5386,33.7251,0.053
836.5023,120.9718,34.0552,481.7412,1564.4116,6.9149,10.9349,7.195,10.17,16.965,60.3136,194.1174,7254.5746,198.1262,65.7446,314.6012,0.864
234.1868,13.6293,1.1699,19.355,226.7207,17.1826,0.12588000000000002,3.685,6.52,3.715,4.7277000000000005,54.3745,769.6819,18.8835,1.807,32.2032,0.043000000000000003
113.5442,51.3043,252.1385,93.2924,1285.5789,2.2132,10.185,34.36,40.975,33.785,2.4437,39.0686,1431.4253,124.213,819.7036,149.7755,0.81
45.2371,9.9551,121.3976,5.0674,203.5677,4.5441,0.24134000000000003,16.06,19.46,0.0,0.28444,13.3319,195.0793,19.9288,306.2847,29.4791,0.037
63.3482,3.5335,9.255,0.9946900000000001,46.5479,17.9281,0.0040247,5.955,7.225,0.0,0.15064000000000002,9.7034,73.7608,5.5198,16.7752,5.5317,0.025
914.2972,76.4868,17.6702,698.9124,1979.2566,11.9537,15.4945,8.53,10.08,18.975,73.8188,214.7608,9191.9341,130.7146,36.1043,227.0489,0.525
382.3488,29.0162,52.3403,90.0919,404.7291,13.1771,1.9574,3.795,4.91,7.365,21.3775,115.5812,2420.6758,40.4989,81.6407,76.9721,0.078
161.1827,23.0488,52.4698,67.8651,967.7578,6.9931,2.0259,28.735,32.08,29.485,2.1253,36.4349,1178.9142,53.3643,160.7115,103.2905,0.245
434.0241,23.8806,8.4412,248.128,1005.756,18.1747,0.9896600000000001,8.815,9.59,10.185,25.341,125.8362,4191.0201,41.1482,17.4373,81.2832,0.131
291.9309,92.6242,34.497,110.4294,765.635,3.1518,3.9686,6.73,11.0,7.455,14.7779,96.0683,2442.7444,149.186,65.1307,245.7292,1.009
297.2143,20.4033,7.6462,154.06,1553.6913,14.5669,0.51212,30.17,38.395,39.715,4.5964,53.5816,2154.3234,47.8184,23.8032,76.2913,0.101
146.9717,9.6318,1.9191,32.2434,395.2737,15.259,0.56303,10.18,13.35,7.0,2.8537,42.226,875.474,17.2046,4.1593,33.4533,0.04
343.0551,32.9189,61.4665,295.716,2260.3874,10.4212,8.7197,37.66,43.76,50.95,7.0807,66.5061,3328.3755,81.5484,206.0306,154.4201,0.295
104.0368,8.9235,4.0458,25.3788,574.7105,11.6588,0.44431000000000004,20.09,28.14,12.54,1.1376,26.6614,617.0406,18.892,10.9985,44.281,0.07
1465.1941,132.8156,191.9847,567.5613,1156.1269,11.0318,5.0906,4.82,6.28,15.52,106.6824,258.6017,9129.9978,196.7935,324.3015,218.7171,0.64
94.5224,21.4311,11.8453,28.5678,807.6622,4.4105,2.6977,49.46,56.85,41.465,0.5199600000000001,18.0208,538.0076,56.8339,43.4808,77.1491,0.215
62.1528,5.1311,33.6406,7.4255,310.6553,12.1131,0.08544399999999999,27.84,31.155,1.3599999999999999,0.24006000000000002,12.2451,226.0887,11.786200000000001,101.9579,23.1422,0.033
473.856,83.053,12.3376,224.186,955.0166,5.7055,4.2357,4.6,7.065,12.11,43.8548,165.5819,4569.81,121.6311,20.5188,212.1893,0.33
323.1494,22.7869,32.7319,48.2349,310.3602,14.1814,0.93605,3.8,5.43,4.035,11.4359,84.558,1515.7368,31.8149,51.0779,56.0093,0.058
372.1522,44.6193,21.3478,163.0513,995.3498,8.3406,4.5212,7.94,14.075,11.845,18.4841,107.4342,3137.7924,74.8993,42.5886,106.3143,0.222
110.8645,7.0438,2.0858,16.384900000000002,402.6705,15.7393,0.23238000000000003,20.155,22.945,10.215,0.73196,21.3832,443.916,14.9246,5.6763,33.3949,0.055
157.4636,50.1946,325.6005,154.0173,1351.4343,3.1371,15.9416,24.245,25.96,28.95,5.7177,59.7626,2274.861,111.3814,942.3794,143.3733,1.4
148.3096,21.1905,166.0562,66.3073,951.4231,6.9989,1.3825,29.63,34.08,28.025,2.0142,35.4699,1149.8904,49.4395,513.8451,76.3731,0.11900000000000001
245.6409,9.2493,1.1164,23.7174,337.8545,26.5579,0.47168000000000004,7.77,15.435,1.875,2.748,41.423,743.1428,15.4423,2.2113,25.049,0.025
157.1131,51.3824,46.9738,155.0201,1726.2038,3.0577,2.7397,32.055,37.525,30.88,4.3524,52.1387,2131.5121,122.261,149.218,127.7909,1.149
255.5908,23.989,3.9363,28.3939,147.9602,10.6545,0.94052,1.015,1.955,1.185,25.2907,125.2547,1412.2913,24.0784,3.9559,60.0271,0.059000000000000004
106.6323,7.7417,1.0581,11.928,352.845,13.7738,0.11062000000000001,16.77,22.185,2.73,0.6403800000000001,20.0013,366.3141,15.6664,2.7084,23.3458,0.028
158.4368,16.2764,8.0417,32.3045,519.1523,9.7341,0.22145,14.21,19.355,8.325,2.0476,35.765,806.2784,31.6015,19.478,68.8219,0.164
108.0667,8.7812,1.5590000000000002,6.5441,157.0526,12.3066,0.11757000000000001,5.03,8.27,2.7199999999999998,1.1724,27.0591,315.6856,13.1506,2.6712,30.369,0.041
315.1351,37.2064,85.0529,109.422,578.2471,8.4699,1.1802,5.755,6.695,8.91,17.1575,103.5337,2527.2321,57.6274,152.4185,99.5957,0.193
438.7398,36.8871,7.9417,193.8362,929.7083,11.8941,2.1586,6.17,9.68,15.47,28.3057,132.9635,3808.3875,58.1361,14.566,150.4229,0.161
1018.9912,42.4914,13.1302,238.7516,1014.1825,23.9811,3.4107,9.68,17.24,19.22,22.2,117.803,3978.0692,74.9497,27.983,138.2327,0.449
347.8993,14.4486,35.079,104.9387,689.6929,24.0785,0.9891200000000001,8.98,10.96,12.4,10.5494,81.2587,2195.0411,25.0117,72.9133,46.0796,0.049
264.8058,24.811,9.3588,117.9107,1186.2693,10.6729,1.5159,20.57,26.9,38.29,5.1601,56.7792,1940.4436,52.8389,25.6428,95.8639,0.169
175.8407,31.6703,22.2654,76.306,1066.9269,5.5522,1.5495999999999999,35.805,40.205,35.2,1.9174,34.6065,1218.1721,77.4708,73.3858,107.43,0.579
111.2798,10.2069,88.2058,18.9875,377.867,10.9024,0.84547,14.61,18.27,9.09,1.1703999999999999,27.0449,537.5935,19.9552,215.6324,42.3189,0.049
497.1948,46.4078,14.6067,117.6927,904.263,10.7136,0.5071800000000001,10.82,14.09,14.125,9.7914,78.2131,2275.2703,84.1681,32.3069,124.2675,0.17400000000000002
433.2306,24.7788,4.4809,120.4439,401.8829,17.4839,0.9069900000000001,2.44,3.29,3.545,44.4837,166.783,3364.5156,30.9691,6.0324,49.7856,0.062
414.2005,26.6329,33.2012,139.3889,556.0536,15.5522,1.0397,3.71,6.29,8.37,33.8011,145.3846,3376.4846,36.9625,51.3979,55.2206,0.055
396.2905,56.3823,19.6199,109.2854,585.5032,7.0286,4.9753,6.185,7.82,7.74,15.927,99.7636,2478.1518,88.9155,36.0144,214.2551,0.43
116.3011,2.6103,0.072797,3.0096,81.717,44.5543,0.0051354,3.555,5.475,0.5750000000000001,0.7619400000000001,21.8293,192.3007,3.5843,0.1111,2.6129,0.025
250.5516,18.1338,1.7965,42.7871,395.7915,13.8168,1.3681,6.22,7.2,6.47,6.1992,62.2625,1225.2782,28.6376,3.3039,45.4009,0.052000000000000005
160.4004,9.1822,0.67679,20.3095,322.0849,17.4687,0.31507,8.73,11.77,6.25,2.0949,36.1803,643.0055,15.7833,1.3935,21.7438,0.025
587.3486,46.7614,20.198,398.7742,1486.6162,12.5605,7.0112,9.65,14.545,15.945,37.1644,152.3873,5843.6857,82.4176,43.0016,174.4103,0.309
107.6304,11.6113,2.4903,24.5828,509.9031,9.2694,1.3820999999999999,16.64,21.67,7.31,1.3298,28.8271,631.3599,23.4515,6.3576,54.2522,0.082
310.3027,14.0697,2.3935,105.0933,867.8307,22.0547,0.4157,11.86,16.23,16.2,7.9849,70.6466,2044.9355,26.1099,5.4583,59.9396,0.068
204.3906,12.7431,15.1383,21.8415,279.9872,16.0393,0.32844,9.515,11.655,3.015,2.0751,35.9999,666.2781,22.3809,32.0785,28.2299,0.037
181.7794,38.7752,155.0166,111.8575,1099.3918,4.688,15.5459,27.405,31.595,18.05,3.674,47.9042,1735.7003,88.7179,467.3634,148.8238,0.356
45.9456,6.3396,3.4385,5.7444,289.2635,7.2474,0.20063,31.06,37.96,0.0,0.16648000000000002,10.1981,181.5009,14.9661,10.8086,30.0446,0.05
134.9404,15.2219,48.0612,19.7894,270.8063,8.8649,0.5513600000000001,7.445,8.9,6.095,2.3968,38.7018,656.9455,25.1441,93.8462,26.041,0.031
226.9786,18.3557,4.7367,93.6722,844.8948,12.3655,1.7578,12.02,16.22,12.16,7.0183,66.2595,1869.9248,34.1781,10.8504,86.9274,0.123
655.2131,27.3396,30.8871,149.4008,535.6701,23.9657,1.4589,4.475,5.245,7.11,30.0711,136.9608,3390.7116,39.764,50.8989,82.7416,0.111
186.2925,21.5762,4.3561,25.126,302.3078,8.6342,0.052912,4.47,9.115,4.77,5.0588,56.2335,891.5512,31.372700000000002,7.1758,72.6142,0.135
43.0491,7.1309000000000005,32.0898,4.0617,188.1764,6.037,0.18722000000000003,16.76,20.72,0.0,0.21869000000000002,11.6899,163.6263,14.4282,82.1218,21.1674,0.031
154.4173,21.0087,7.2797,47.2179,663.7597,7.3502,1.8252000000000002,16.01,21.315,15.67,2.656,40.7282,1040.013,42.0239,18.3475,88.0633,0.131
249.4078,27.8162,55.0986,113.5224,980.8202,8.9663,2.7343,19.49,24.18,20.88,5.249,57.2452,1912.1176,58.4455,148.2784,112.7353,0.181
231.2171,39.1256,958.8848,227.0145,2199.563,5.9096,6.6857,47.48,51.56,48.85,4.3047,51.855,2573.011,102.7044,3472.1889,108.1673,0.387
362.9042,63.0008,32.3036,222.0168,1398.0764,5.7603,13.9901,16.43,21.515,23.325,12.182,87.2133,3301.357,126.8398,82.1227,252.6128,0.619
121.3905,58.5825,110.8197,99.7281,1292.0103,2.0721,10.7756,29.07,32.65,31.43,3.088,43.9021,1568.378,136.0282,340.7469,140.5716,1.082
126.9622,22.3767,11.0911,34.2399,655.3079,5.6739,0.56529,40.71,42.57,5.67,0.75845,21.7647,647.8583,56.5224,38.1542,79.4019,0.149
185.8811,33.4764,12.2472,43.3263,701.4173,5.5526,0.89403,31.09,41.53,8.205,1.2553,27.9969,825.9917,79.0486,38.5104,119.622,0.356
364.6867,42.074,9.5407,197.2242,1462.0561,8.6677,3.903,21.265,24.785,26.295,8.3489,72.2168,2830.0252,90.3504,26.4322,203.2416,0.319
205.4099,64.0804,100.3041,117.7985,1069.9907,3.2055,15.0745,16.555,20.445,16.47,6.4042,63.2467,2046.5469,129.258,255.6398,171.6007,1.081
149.4012,25.1535,188.0288,65.0378,878.9995,5.9396,4.2291,21.785,27.225,19.3,2.6874,40.9724,1224.0971,54.3422,525.1422,90.2756,0.301
100.5876,18.2006,21.2623,21.247,532.959,5.5266,0.38033,31.925,35.255,5.995,0.59875,19.3379,480.4856,43.2633,67.4508,49.9342,0.078
125.1282,13.7591,22.4158,30.0589,636.1811,9.0942,0.61678,31.25,34.38,6.715,0.86582,23.2551,626.9075,32.5313,70.6053,42.9995,0.06
441.9374,38.4147,2.9564,123.5425,564.512,11.5044,0.30349,2.51,4.79,5.24,44.6311,167.1084,3422.4265,48.3522,4.0178,80.7316,0.106
660.8975,24.2415,2.1931,152.3435,637.4418,27.2631,0.32605,3.29,5.815,7.26,41.7269,161.53,3723.7263,32.6481,3.2617,64.8464,0.065
211.3197,14.5375,2.3351,73.367,758.9239,14.5361,0.77712,10.895,16.99,10.65,6.0672,61.5693,1594.6313,26.4118,5.1767,55.3633,0.057
249.4888,12.4721,2.1288,45.9137,595.9698,20.0038,0.31612,11.99,17.945,10.935,3.4478,46.4109,1094.8122,23.2083,4.8725,47.1985,0.047
353.2811,50.4392,13.7947,301.4673,1742.6785,7.0041,6.3331,18.825,22.105,25.935,14.4173,94.8937,4010.7302,105.0635,36.6964,251.2984,0.38
804.9472,66.8453,13.1659,250.9008,1188.2305,12.0419,12.1045,9.025,14.705,16.53,25.0285,125.0081,4198.8569,115.8598,27.4116,241.6085,0.286
509.2459,34.2617,10.2847,194.5453,851.5093,14.8634,1.3194,4.465,5.7,6.97,39.2115,156.5755,4139.9632,49.804,16.9356,107.2776,0.197
286.0345,21.7636,5.0142,79.4773,639.7737,13.1428,0.72017,6.76,10.745,6.915,10.5801,81.3167,1906.5275,35.0928,9.481,74.5203,0.107
397.3336,29.7976,3.2008,131.9663,602.353,13.3344,2.3203,4.655,5.815,7.51,25.5044,126.2621,3061.0415,43.7685,5.3444,92.4535,0.105
362.4778,36.2246,3.5717,104.7538,529.9617,10.0064,1.7851,5.265,6.135,7.73,17.8891,105.7401,2494.9316,54.8723,6.2136,98.5201,0.154
88.2791,23.3325,56.2066,18.9869,492.1731,3.7835,1.4089,31.495,35.9,3.23,0.54274,18.4059,443.1544,55.274,177.5011,55.7234,0.134
82.9243,16.9601,26.5012,14.1202,435.9941,4.8894,0.77381,29.375,37.66,3.055,0.43265,16.4391,361.2492,39.4842,81.7697,50.9476,0.081
368.5129,41.515,8.5471,72.2752,409.1589,8.8766,0.7889,3.16,6.19,3.24,20.6022,113.4968,2149.4091,55.3512,12.5424,112.943,0.15
851.0942,43.5637,3.2666,188.6912,638.0206,19.5368,1.1783,3.735,5.935,8.01,45.5162,168.6979,4234.5736,60.5616,5.0683,74.847,0.095
190.7879,60.0922,57.3202,125.893,1056.1125,3.1749,4.9698,15.91,20.495,21.99,7.1227,66.7,2172.821,120.0149,144.1664,183.4688,0.976
850.2563,30.5498,7.6878,609.083,1598.9071,27.8318,2.8432,5.855,7.935,14.01,93.6583,241.9472,9106.3523,47.5215,13.8563,115.2497,0.204
228.9064,35.2495,77.1552,94.162,1053.5284,6.4939,4.315,23.205,28.085,26.755,3.6515,47.7583,1589.8779,77.3657,220.0692,131.1212,0.501
116.9576,16.9927,77.0318,24.2431,606.5089,6.8828,0.73537,35.12,39.835,31.295,0.62137,19.7004,518.1923,41.3667,252.2638,54.5247,0.095
107.0542,15.2095,25.0947,32.1334,679.1663,7.0386,1.1169,34.985,39.045,30.17,0.82665,22.7227,640.6632,36.9902,82.0747,46.0618,0.07
535.386,46.4769,37.4814,189.3949,759.6507,11.5194,1.353,6.785,7.72,9.68,25.1414,125.3279,3654.6567,75.0109,70.9577,92.654,0.128
644.4669,49.3398,89.6871,268.7157,937.1757,13.0618,1.4765,6.895,7.66,9.25,35.1216,148.1559,4735.2784,79.9524,170.7031,127.9693,0.176
186.4042,57.3767,109.616,81.3649,936.4081,3.2488,5.0783,18.705,23.36,21.295,3.9152,49.454,1504.1154,119.3233,290.9778,133.2336,0.742
152.4332,22.5077,70.8697,55.1464,828.6103,6.7725,2.0624,22.335,28.68,14.9,2.2223,37.258,1074.7872,48.9302,199.5825,76.5472,0.249
178.2283,14.4871,2.9637,31.0426,393.8022,12.3025,0.49232,8.755,11.46,8.155,3.1915,44.6573,883.0132,24.9199,6.1084,52.7561,0.056
178.814,21.4741,4.9404,25.8921,361.6606,8.327,0.80484,10.275,12.23,7.555,2.2677,37.6416,740.2747,38.4467,10.7405,69.0806,0.075
403.5522,108.5093,33.9917,162.7496,888.875,3.7191,7.0857,9.13,15.62,11.71,16.0518,100.1323,3027.5853,188.6186,71.0443,330.7588,0.89
779.5379,60.7511,12.4194,556.0278,1589.9498,12.8317,2.3195,6.535,8.2,13.15,76.7088,218.9338,8281.1786,97.1327,23.2194,152.0242,0.279
478.3556,76.704,28.28,176.1933,922.9154,6.2364,6.2043,9.805,12.48,12.47,16.1772,100.4628,3153.0576,135.7312,60.5287,210.5381,0.68
334.8803,18.6248,1.5908,60.3657,425.6155,17.9803,0.79128,4.565,6.515,6.44,11.9112,86.2956,1712.7885,27.224,2.639,40.6342,0.053
707.042,55.716,5.5684,243.6344,726.19,12.6901,4.4501,2.625,4.175,7.045,83.5301,228.6119,5600.3195,70.919,7.6814,129.8464,0.194
411.4874,23.7764,4.0693,224.4807,1126.3625,17.3065,1.1956,9.18,10.87,11.72,22.0104,117.2622,3847.3186,41.3863,8.5205,103.3201,0.137
202.0514,5.9802,0.41349,10.0651,96.5052,33.7865,0.12123,1.15,1.415,1.065,7.895,70.3687,633.0205,6.1929,0.43321,7.9647,0.025
216.172,8.0772,0.36158,14.862,196.9913,26.7631,0.19422,4.2,5.955,1.725,3.2272,44.9204,617.0067,11.5631,0.58339,9.694,0.023
277.1346,39.5184,9.9779,179.7545,1384.9947,7.0128,3.3955,25.01,28.045,30.88,6.4722,63.5824,2535.4943,88.3747,29.1795,158.4892,0.246
232.3371,47.689,13.302,126.5411,1162.9113,4.8719,2.0367,25.955,28.085,28.195,4.3913,52.3735,1930.9816,107.6399,39.3844,182.0506,0.495
301.1292,30.8453,25.4127,348.2282,1998.0725,9.7626,3.8835,23.84,26.1,30.19,13.1446,90.6137,4211.5724,68.1577,73.1397,112.6091,0.185
438.8068,39.6587,43.0032,549.9757,2355.987,11.0646,7.1658,24.03,25.99,28.075,20.6174,113.4845,5926.2739,87.8066,124.0942,154.4409,0.262
346.9027,48.7574,207.6659,115.7719,743.5791,7.1149,1.3921,8.97,11.37,11.7,11.6618,85.3337,2360.8965,84.3798,431.4819,138.2333,0.266
49.5373,9.7019,21.1073,5.8158,230.5962,5.1059,0.9936,19.885,21.37,0.0,0.26321,12.8224,204.746,20.4875,57.184,47.3428,0.122
323.8425,41.6414,169.0156,95.6896,665.8083,7.7769,1.8287,9.725,12.215,11.74,8.858,74.3778,2000.3656,73.5356,360.7641,137.123,0.252
264.6009,23.5573,5.4448,73.7265,529.9138,11.2322,3.8717,6.295,9.065,8.005,10.5527,81.2041,1835.968,37.3142,10.0535,90.9328,0.093
227.8421,31.6993,6.5452,54.3169,442.7044,7.1876,1.9363,5.14,7.705,3.735,9.5294,77.1823,1537.2997,47.7299,11.2956,99.308,0.142
220.4424,36.4579,14.1752,126.7164,1268.4024,6.0465,3.0247,39.005,41.845,40.95,2.9289,42.7706,1746.9424,91.1111,48.0732,131.5733,0.302
314.4095,70.3874,26.721,148.3501,1296.3064,4.4668,3.0937,37.26,40.665,41.13,3.5912,47.3602,1989.4867,173.9024,89.2485,171.2569,1.006
107.2253,4.363,0.38083,4.0994,107.446,24.5758,0.037147,4.705,6.425,1.08,0.78542,22.1592,226.2624,6.4258,0.63814,7.4785,0.024
164.8239,13.507,2.2052,25.8522,373.0178,12.2029,0.12824,7.435,9.815,6.1,3.133,44.2484,802.5762,22.3038,4.3041,45.0642,0.036
166.9853,7.3116,1.1102,19.9709,345.3728,22.8384,0.17822,7.675,11.305,5.69,2.3449,38.2807,656.1594,12.1697,2.1899,27.1511,0.037
638.9115,100.2651,859.3087,903.1006,2861.5978,6.3722,8.7888,22.735,23.845,25.845,35.7258,149.3825,8705.5644,218.9392,2434.3378,153.4709,0.723
518.5294,49.6884,265.0343,886.7826,3013.5636,10.4356,11.9592,20.885,24.66,27.565,38.204,154.4829,8774.8147,106.2218,729.8723,208.9735,0.385
290.8223,24.6354,5.9139,84.2445,814.9581,11.805,5.1519,13.76,16.475,11.83,5.5101,58.6564,1666.4129,47.4477,14.1715,95.0652,0.155
235.9052,24.0041,5.5663,69.0137,720.3054,9.8277,4.2619,14.8,18.205,16.965,4.2001,51.2182,1410.1554,47.0815,13.6663,97.7454,0.157
258.8857,49.3105,23.6079,82.5835,452.4918,5.2501,0.8716,4.6,6.04,7.65,16.1655,100.4626,2159.6618,72.2153,39.2625,157.3405,0.251
257.3225,28.7169,9.6738,67.961,417.9867,8.9607,0.68846,4.46,5.705,6.485,13.7378,92.6616,1883.7225,41.7322,15.9236,101.9281,0.174
575.2004,21.0416,2.1797,195.7042,670.1471,27.3363,0.30148,2.275,3.785,5.725,77.4414,220.1571,4927.0806,25.8419,2.8667,48.1189,0.064
178.4452,19.8995,42.6923,90.7446,1038.9938,8.9673,2.0852,30.69,32.325,31.79,2.661,40.7685,1442.0652,46.8371,133.6642,49.8392,0.068
400.5661,16.9195,1.3167,95.055,474.9595,23.6748,0.2077,2.6,3.67,4.42,32.8961,143.4545,2770.499,21.4848,1.8106,41.0399,0.049
322.0168,36.6906,4.0443,66.8125,331.9591,8.7765,1.6052,2.05,3.73,3.805,29.3281,135.274,2252.6741,43.903,5.1376,97.0912,0.119
293.6001,20.3266,3.6316,28.1084,227.6444,14.4441,0.57686,2.72,3.52,3.61,9.301,76.1962,1096.9432,26.104,5.0694,63.4452,0.095
189.3836,20.2531,4.1924,77.3775,839.4978,9.3508,2.9749,16.12,19.74,15.72,4.3233,51.9939,1505.2568,40.5819,10.5905,81.6434,0.095
286.2672,20.925,4.2518,93.7933,894.2173,13.6806,3.045,14.2,19.0,13.14,5.9605,61.0545,1797.7164,40.6198,10.296,77.4682,0.107
738.2155,77.7095,11.8465,471.4515,1673.4556,9.4997,11.422,8.205,11.73,14.98,51.7082,179.6123,6895.1462,131.5205,23.8936,262.3043,0.661
373.2618,36.5549,5.2754,102.3344,579.8278,10.211,0.90507,5.165,8.975,6.21,17.819,105.5392,2464.087,55.1079,9.119,98.395,0.134
545.7567,17.3442,1.2307,118.1627,562.6803,31.4662,0.92403,3.93,6.85,6.07,27.1634,130.329,2949.566,24.4204,1.9422,33.7682,0.043
210.8695,19.0642,43.0329,26.2881,365.027,11.061,1.098,14.96,17.38,6.045,1.5869,31.4804,683.1665,37.4932,106.034,62.2668,0.072
158.5779,17.8816,149.1357,64.1303,964.7263,8.8682,1.3363,31.775,34.415,32.36,1.8162,33.6814,1101.8638,42.4549,472.3642,33.9109,0.057
509.2741,29.6038,3.0035,82.164,569.0943,17.203,1.5489,6.185,10.835,6.035,12.0292,86.6931,2007.4596,46.6855,5.5133,49.1769,0.067
334.9713,16.2465,1.1232,54.3089,493.2065,20.6181,0.55976,8.505,12.06,6.04,5.7743,60.0638,1357.5513,27.7446,2.2928,36.3132,0.037
481.1116,36.7695,21.8413,90.2994,399.7058,13.0845,0.34286,3.08,3.64,5.365,26.4404,128.5869,2558.9996,48.7108,31.7782,73.0976,0.055
258.3511,14.1541,27.927,35.8605,304.9779,18.2528,0.17592,5.04,6.195,4.585,6.4251,63.3762,1132.6739,21.2074,47.8815,30.6726,0.031
189.453,12.8185,2.9232,27.8234,401.4339,14.7797,0.19169,9.39,11.985,8.955,2.6675,40.8146,799.0186,22.4389,6.1672,52.612,0.069
180.0166,12.3275,1.8684,24.9173,349.255,14.6028,0.14537,8.3,10.395,8.52,2.7038,41.1047,759.2352,20.924,3.7829,36.3505,0.042
298.1815,25.108,2.8669,200.2455,1334.7092,11.876,4.0311,13.335,20.035,16.625,13.5182,91.8985,3217.0581,47.9799,6.7984,76.6265,0.101
206.541,13.5586,31.3676,32.9356,586.0634,15.2332,0.23162,32.365,35.615,32.395,0.91596,23.9171,665.4293,32.3396,99.9632,35.5789,0.045
130.4245,42.3703,47.1668,23.5664,481.1672,3.0782,0.18269,29.7,31.155,28.665,0.71407,21.1191,528.9209,98.9124,146.068,50.7632,0.139
317.9788,18.5853,2.9143,68.8371,542.9364,17.1091,0.27559,5.52,9.595,6.155,11.2208,83.7497,1800.7131,28.4875,5.1504,48.9406,0.047
335.1034,21.4884,2.5766,60.0388,517.5937,15.5946,0.2,5.59,10.14,4.775,9.6688,77.7258,1620.1446,33.0412,4.5728,51.7163,0.089
424.5969,51.7343,7.7393,179.3723,1036.7602,8.2073,5.5696,9.84,11.7,12.64,16.4415,101.4063,3203.2813,91.6278,16.5845,155.3083,0.233
24.0821,1.6482,0.52729,0.8862,83.6122,14.6108,0.0020722,10.825,14.6,0.0,0.073732,6.7874,58.1788,2.9897,1.1664,6.1682,0.025
23.3219,1.0184,0.33389,0.99207,87.1206,22.8996,0.012695,10.51,14.025,0.0,0.084967,7.2859,63.7565,1.8337,0.73138,5.2128,0.024
387.532,12.681,1.8939,93.3466,551.6909,30.5601,0.44121,5.525,6.79,6.1,15.2255,97.556,2264.8896,19.4418,3.3482,24.3546,0.032
593.3865,77.7848,15.6741,260.4819,1163.8453,7.6286,6.8313,6.8,8.72,14.92,34.5142,147.0067,4647.935,125.6094,29.6952,260.2786,0.578
347.8413,25.1168,2.7466,75.0754,444.9802,13.8489,0.51954,3.0,4.615,4.905,22.5312,118.6984,2239.896,33.0556,3.9613,65.2931,0.094
494.4596,24.0471,2.0809,176.6138,568.8978,20.5621,0.98366,2.27,3.035,4.205,70.0059,209.2269,4559.7293,29.5168,2.7348,53.3263,0.061
229.0367,22.7367,2.8848,27.8146,253.855,10.0735,1.4714,3.475,4.12,3.165,7.2078,67.0351,1023.1297,31.0431,4.3696,60.8928,0.075
106.4066,8.8441,1.9385,8.4102,194.4552,12.0314,0.28998,7.905,10.845,1.945,0.95968,24.4751,340.4369,14.8295,3.8615,31.1792,0.034
246.3178,21.4526,20.6282,98.0475,902.1304,11.4819,1.3643,15.67,20.51,21.435,5.6306,59.309,1808.0714,42.6823,51.6199,73.8585,0.074
290.9121,33.0262,6.6766,86.6931,577.3408,8.8085,3.1568,7.05,9.74,6.725,11.0922,83.2542,2016.992,53.8153,12.8023,114.5972,0.109
100.3108,18.2691,61.2703,22.4153,535.9654,5.4907,0.71743,31.89,36.335,6.48,0.63259,19.8774,500.4562,43.414,194.2979,54.2749,0.081
212.2104,33.6253,7.9482,60.0013,522.6401,6.311,2.5802,5.49,9.51,5.81,9.8621,78.5159,1630.1305,51.4706,14.0215,118.8472,0.132
857.4525,148.2002,41.8596,751.2972,1789.4244,5.7858,13.0617,7.23,9.42,16.24,93.604,241.7001,10103.7934,243.0151,80.9422,457.6864,0.856
51.0246,2.2992,0.15372,2.0747,96.0708,22.1923,0.008706,6.09,11.545,0.015,0.30666,13.8446,127.1245,3.6119,0.28071,4.8628,0.025
90.4891,3.3571,0.24886,4.0618,117.5125,26.9548,0.012422,4.995,6.59,1.115,0.73309,21.4074,221.3676,5.0187,0.4254,7.2616,0.023
217.2428,51.4646,35.7887,85.957,782.9193,4.2212,1.2752,12.815,16.295,14.02,6.0393,61.426,1723.4075,97.373,83.7502,112.322,0.556
416.2982,37.5388,116.1224,364.4968,2001.67,11.0898,4.7498,24.685,26.935,30.715,13.283,91.0873,4319.203,83.6737,338.1118,149.0623,0.178
580.9043,57.336,353.2234,732.3258,2566.6774,10.1316,9.7505,20.8,24.37,26.765,31.685,140.6863,7610.433,122.4457,971.413,221.4086,0.313
433.9981,26.6753,3.6374,172.0098,861.8297,16.2697,0.7206,7.61,8.445,11.055,20.3356,112.7313,3301.8613,44.3053,7.1545,76.5115,0.083
164.2987,15.7708,62.6286,26.7062,547.4126,10.4179,0.63267,28.335,32.005,6.5,0.84858,23.022,587.9999,36.3861,190.9326,48.3474,0.056
271.5187,18.4774,3.6685,60.62,509.6878,14.6946,0.37256,5.48,8.605,6.035,9.9801,78.8962,1640.492,28.2706,6.4677,80.3411,0.073
251.7786,23.3473,3.9031,49.1007,434.1279,10.784,0.39915,5.175,9.17,4.84,8.5518,73.108,1422.0104,35.214,6.7512,84.1569,0.12
390.4245,15.6261,24.7698,74.9795,497.4839,24.9854,0.47827,10.995,13.615,14.705,6.1388,61.9307,1616.0563,28.4544,55.0792,42.3306,0.051
929.28,35.2112,22.5967,131.6645,542.8976,26.3916,1.6121,10.0,10.895,14.38,11.8592,86.0721,2525.1857,62.6154,48.6831,110.8638,0.15
117.4286,6.9539,1.6111,19.1307,453.4172,16.8868,0.29274,19.475,28.41,4.655,0.88418,23.5018,502.7948,14.6082,4.3346,27.6657,0.05
116.5249,8.1119,1.0042,28.1897,542.9851,14.3647,0.36201,17.25,23.89,10.635,1.4707,30.3105,693.0808,16.5318,2.5946,26.484,0.034
67.7146,10.4651,58.9513,9.2678,256.9458,6.4705,0.62282,14.475,18.295,4.065,0.57715,18.9872,314.7753,20.4126,143.67,46.7438,0.094