MomentMag,Mech,VS30,RjbWork,Ia
4.8,2,470,8.1,1.6761
5,2,470,15.5,0.15432
5.1,2,470,9.6,3.8576
5.4,2,470,10.4,7.6292
5.3,2,470,16.6,0.35325
4.8,2,470,15.3,0.076784
4.8,2,470,9.9,1.392
5,2,470,17.3,0.15254
4.8,2,311,18.5,0.56206
5,2,311,1.3,9.1579
4.8,2,642,11.1,2.411
5,2,642,10.2,0.34029
5.1,2,420,13.4,34.9561
4.6,2,420,18.3,0.12496
4.8,2,420,26.4,0.15028
4.3,2,420,9.3,0.032469
5,2,420,6.7,7.3032
4.5,1,337,21.1,1.3836
4.4,1,337,23,0.71954
5.4,2,428,20.8,1.7336
5.3,1,428,51.8,0.44484
5,2,401,15.7,21.8659
5,1,391,3.6,1.7046
5.6,1,391,59.6,1.3709
5,1,471,2.6,0.35235
5.3,2,329,35.5,0.26856
5.1,1,291,229.59,0.000308
5.2,2,291,251.1,0.000157
5.4,2,291,249.62,0.000185
5.2,2,291,228.6,0.000215
5.3,2,291,230.68,0.000059
5.8,3,291,236.56,0.000596
5.8,1,291,231.58,0.005123
4.8,1,291,185.76,0.000639
4.9,1,291,214.962625,0.000276
5.4,2,291,108.74,0.029719
5,1,291,242.65,0.00006
6,1,291,272.29,0.003364
6.9,1,291,272.29,0.037354
5.2,2,291,205.92,0.000698
5.3,1,291,244.33,0.000988
5.1,1,291,295.51,0.000137
5.3,2,291,66.46,0.028957
5.3,2,291,66.46,0.027871
5.1,2,291,234.97,0.000106
5.3,1,291,66.15,0.082422
6.5,1,291,281.6,0.011531
5.1,1,291,282.88,0.000142
6.4,1,442,187.9,0.043485
5.2,2,463,110.47,0.022339
5.4,2,463,110.03,0.026755
6.1,2,463,89.53,0.016984
5,3,463,79.24,0.00162
5.3,3,463,113.79,0.000769
6.1,3,463,76.26,0.53059
5.5,1,463,89.8,0.021979
5.4,2,463,89.04,0.028357
5.3,3,543,149.98,0.001193
4.8,1,543,282.2,0.000043
6.3,3,543,95.67,0.024052
6.1,2,543,89.81,0.009937
5,3,543,79.21,0.001554
5.3,3,543,114.07,0.00052
6.1,3,543,75.97,0.45643
5.5,1,543,89.53,0.013294
5.4,2,543,88.8,0.022375
5.3,2,407,33.3,0.15578
6.2,1,407,82.5,2.1948
5,2,407,15.4,2.1204
5.2,2,407,12.4,1.5493
5.2,2,407,14.7,1.9106
5.2,2,381,224.83,0.000959
5.3,1,381,38.64,0.53838
5.1,1,381,108.97,0.033582
5.3,2,381,171.72,0.005489
5.2,1,381,172.68,0.002342
5.3,1,341,170.15,0.001459
6.5,1,341,71.91,3.1408
5.1,1,341,72.73,0.076832
5,2,315,15.3,1.8032
5.2,2,315,14.6,1.6207
4.8,2,315,16.7,2.181
6.4,1,315,53.3,9.2417
5.2,2,353,141.56,0.005438
5.3,2,353,140.95,0.001782
5.8,1,353,233.04,0.003713
5.4,2,353,63.48,0.23539
5.3,2,353,62.51,0.079423
5,1,353,225.17,0.000079
6.1,1,353,224.43,0.009857
5.4,3,353,236.97,0.000348
6,1,353,234.63,0.00424
6.9,1,353,231.68,0.086029
5.2,2,353,88.94,0.012737
5.3,1,353,148.98,0.020323
5.3,2,353,84.06,0.064493
5.3,2,353,84.06,0.058496
5.3,1,353,84.18,0.023556
6.5,1,353,205.19,0.029331
5.1,1,353,204.82,0.000495
6,1,450,237.26,0.000799
5.2,2,462,165.78,0.00046
5.3,2,462,166.1,0.000171
5.8,1,462,228.12,0.003004
4.8,1,462,260.65,0.000013
5.4,2,462,31.88,0.092337
5.3,2,462,30.05,0.043077
5,1,462,211.88,0.000012
6.1,1,462,228.33,0.000963
5.4,3,462,237.98,0.000036
6,1,462,241.5,0.0007
6.9,1,462,241.5,0.01775
5.2,2,462,122.6,0.001219
5.3,1,462,164.31,0.000711
5.3,2,462,36.69,0.10421
5.3,2,462,36.69,0.10547
5.3,1,462,36.03,0.031872
6.5,1,462,214.85,0.003187
5.1,1,462,214.71,0.000029
5,1,462,228.43,0.000008
5.6,2,393,20.8,1.4835
4.8,1,470,209.01,0.000235
5.4,2,470,68.55,0.010364
4.9,2,470,70.13,0.001633
5.3,2,470,73.95,0.002563
5,1,470,104.68,0.001364
6,1,470,144.97,0.022705
5.2,2,470,220.54,0.000066
5.3,1,470,110.1,0.004988
5.1,1,470,150.52,0.00089
5.3,2,470,123.31,0.001328
5.2,1,470,124.63,0.001143
5.3,1,470,122.08,0.001471
6.5,1,470,134.95,0.088122
5.1,1,470,137.87,0.001002
4.6,1,484,35.3,0.19164
5.9,2,484,26.5,1.2825
5.6,1,484,22.8,1.4284
6.4,2,484,0,108.3246
5.6,2,484,23.2,1.9149
4.8,2,484,17.9,0.80609
5,2,484,20.2,0.12439
5.6,2,484,19.6,1.0517
4.5,2,484,1.4,0.31837
6.4,1,484,43.6,3.236
5.5,2,484,18.9,0.42793
5.4,2,484,18.43,0.26862
5.4,2,560,63.05,0.025279
4.9,2,560,66.51,0.00343
5.3,2,560,69.38,0.00647
5,1,560,121.04,0.002729
5.4,3,560,165.53,0.001193
6,1,560,166.87,0.017545
5.2,2,560,218.82,0.000073
5.3,1,560,132.53,0.005364
5.1,1,560,170.7,0.001182
5.3,2,560,108.73,0.006549
5.2,1,560,110.14,0.005431
5.3,1,560,107.67,0.010535
6.5,1,560,157.48,0.075174
5.1,1,560,161.02,0.001165
5,2,418,17.9,0.11536
5.2,2,418,7.1,4.0958
4.8,2,418,9.7,2.0537
5.3,1,382,247.92,0.000066
5.2,2,382,108.95,0.002718
5.3,2,382,110.92,0.000667
5.8,1,382,150.39,0.026465
5.3,2,382,107.44,0.00251
6.9,1,382,168.31,0.25082
5.2,2,382,92.26,0.014523
5.3,2,382,64.93,0.010239
5.3,2,382,64.93,0.010653
5.1,2,382,206.17,0.000237
5.3,1,382,68.44,0.014406
6.5,1,382,290.06,0.002082
5.1,1,382,288.94,0.000033
5.2,2,500,227.56,0.000884
5.1,2,500,216.3,0.000501
5.3,1,391,58.5,0.053385
5.1,1,391,152.88,0.001805
5.2,2,391,171.12,0.001917
5.3,2,391,172.05,0.000803
5,1,391,167.98,0.007025
5.8,1,391,132.24,0.1651
6.9,1,391,51.21,5.5311
5.2,2,391,230.16,0.001084
5.1,2,391,217.07,0.00066
4.7,3,382,36.3,0.10986
4.8,2,382,54.3,0.36681
5.3,1,382,32.5,0.37799
6,3,382,22.8,11.1985
4.9,1,382,11.7,0.26374
5.3,1,382,29.1,0.016313
4.7,1,382,6.8,0.47428
5.1,3,382,11.2,0.87171
5.1,3,382,9.8,1.137
5.4,3,382,14.5,5.899
4.6,1,382,15,0.18783
4.8,2,382,21,1.8973
6.6,3,382,53.7,1.2675
6.4,1,382,20.3,76.5706
6.2,1,529,276.12,0.000382
5.4,3,529,273.99,0.00006
6.3,3,529,271.55,0.000224
6.1,2,529,268.3,0.000107
5.3,2,529,292.87,0.000019
5.2,1,529,292.88,0.000039
6.4,2,457,34.9,26.4114
4.7,2,457,19.9,0.37544
5.5,2,457,36.19,0.74436
5.4,2,457,32.25,0.65377
4.7,2,553,11.5,10.9078
6.2,1,553,54.2,1.8702
5.4,3,553,46.3,0.52116
4.5,2,553,3.1,0.46889
6.4,1,553,85.9,0.59269
5.4,2,362,236,0.000671
5.4,3,362,291.8,0.000623
5.2,2,362,167.12,0.000561
5.3,1,362,200.38,0.00332
5.3,2,362,268.71,0.001004
5.2,1,362,269.38,0.000429
5.3,1,362,268.93,0.000187
6.5,1,362,243.24,0.047296
5.1,1,362,243.86,0.001257
5.4,2,529,235.55,0.00009
5.2,2,529,156.54,0.001951
5.4,2,529,158.39,0.003723
5.8,3,529,173.32,0.00135
5.4,3,529,131.44,0.002202
5.3,3,529,134.81,0.000742
4.8,1,529,73.66,0.007144
4.9,1,529,165.657927,0.00048
6.3,3,529,213.87,0.001686
6.1,2,529,226.98,0.001138
5.3,3,529,242.8,0.000073
4.2,1,494,12.4,0.69013
4.3,1,494,16.2,1.0054
5.1,1,348,52.14,0.053633
5,3,348,129.54,0.004477
5.8,3,348,96.11,0.028059
4.8,1,348,175.18,0.001376
5.4,2,348,143.83,0.003542
4.9,2,348,146.21,0.000474
5.3,2,348,149.72,0.000957
5,1,348,60.19,0.048581
6.1,1,348,122.99,0.17742
5.4,3,348,123.12,0.006526
6,1,348,124.66,0.15205
5.2,2,348,297.49,0.000081
5.3,1,348,145.3,0.009265
5.1,1,348,120.28,0.005919
5.3,2,348,190.28,0.001622
5.2,1,348,191.74,0.001903
5.3,1,348,189.34,0.001736
6.5,1,348,130.12,0.3631
5.1,1,348,143.3,0.002432
5.4,1,473,10,0.69314
6.8,3,529,66,3.4244
5.8,3,429,64.8,0.057008
4.8,1,429,57.31,0.018807
5.4,2,429,221.95,0.000117
5,1,429,179.56,0.00006
6,1,429,238,0.001585
5.3,1,429,271.14,0.000121
5.1,1,429,236.94,0.000055
5.2,1,429,237.91,0.000076
5.3,1,429,234.8,0.000138
6.5,1,429,255.22,0.004384
5.1,1,429,270.49,0.000018
7,3,442,11,29.8039
5.4,2,442,10.9,2.6413
6.2,1,442,17.9,33.4319
5.7,1,442,30.7,0.84022
5.3,3,442,17.7,2.1535
5.3,1,442,22.8,1.6141
6,3,442,48.3,0.39862
5.6,3,442,16.1,13.1592
5,1,442,16.4,1.085
6.2,1,442,71.7,4.6489
4.3,2,442,22.5,0.26599
4.9,2,442,12.5,0.94342
4.2,2,442,15.6,0.25607
5.5,3,442,69.8,0.83789
5.7,3,442,62.6,1.4088
5.4,3,442,65,0.37878
5.7,1,442,25.2,11.6326
4,2,442,22.9,0.2841
6.4,1,442,87.8,1.301
5.4,2,507,196.54,0.000663
4.9,2,507,195.12,0.000133
5,1,507,56.92,0.018632
6.1,1,507,7.58,156.6717
5.4,3,507,7.24,7.3359
6,1,507,11.34,53.0255
5.3,1,507,96.11,0.025823
5.1,1,507,13.85,11.0365
5.2,1,507,259.36,0.000179
5.3,1,507,256.8,0.000135
6.5,1,507,31.62,8.9848
5.1,1,507,49.97,0.056455
4.8,1,626,11.9,0.36416
4.7,1,626,14.3,0.17684
4.8,3,626,13.5,0.3491
4.4,1,626,21.4,0.13664
5.5,3,626,70.2,0.17796
5.5,3,626,70.2,0.61852
5.5,3,626,72.1,0.11082
5.7,3,626,63.1,1.5099
5.4,3,626,65.5,0.51772
4.3,1,626,20.8,0.02917
4.5,2,626,7.6,0.45439
4.3,1,626,16.6,0.12081
6.4,1,626,88.5,1.147
6,1,626,10.66,137.8033
5.1,1,626,13.12,3.7314
5.3,2,626,258.99,0.000156
5.2,1,626,260.15,0.000099
5.3,1,626,257.59,0.000075
6.5,1,626,31.9,6.1203
5.1,1,626,50.21,0.03464
5,1,626,74.62,0.005596
5,1,626,31.04,0.74583
5.1,1,320,71.26,0.023927
5.2,2,320,280.51,0.000176
5.8,3,320,173.06,0.003183
4.8,1,320,230.06,0.000452
5.4,2,320,85.88,0.021141
5.4,3,401,110.9,0.034702
5.3,3,401,109.2,0.018742
4.8,1,401,250.67,0.000235
6.1,2,401,74.94,0.079661
5.2,1,401,121.29,0.000442
5,3,401,107.62,0.000773
5.3,3,401,98.23,0.005939
6.1,3,401,117.56,0.33592
5.5,1,401,130.92,0.008241
5.2,2,400,260.83,0.000089
5.3,1,400,198.3,0.00235
5.1,1,400,213.14,0.000717
5.3,2,400,126.49,0.003826
5.2,1,400,127.65,0.005453
5.3,1,400,124.28,0.007724
6.5,1,400,210.95,0.044647
5.1,1,400,219.41,0.000366
6,3,344,24.8,0.54939
4.5,2,344,6.9,0.26503
4.1,1,344,23.2,0.43021
5.4,2,423,152.07,0.000218
4.9,2,423,149.88,0.000029
5,1,423,144.5,0.000061
5.4,3,423,111.14,0.001622
6,1,423,103.36,0.009454
5.2,2,423,224.37,0.000013
5.3,1,423,26.33,0.035626
5.1,1,423,127.78,0.000634
5.2,1,423,215.37,0.000029
5.3,1,423,213.15,0.000013
6.5,1,423,63.06,0.052367
5.1,1,423,64.15,0.003205
5.1,1,308,136.18,0.001159
5.4,2,308,153.65,0.001052
5.3,2,308,155.22,0.000405
5,1,308,145.57,0.000708
6.1,1,308,92.45,0.22546
5.4,3,308,111.53,0.017551
6,1,308,103.67,0.068497
5.3,1,308,27.9,0.21815
5.1,1,308,128.19,0.00692
5.3,2,308,216.29,0.000258
5.2,1,308,216.9,0.000126
5.3,1,308,214.68,0.000069
6.5,1,308,63.26,0.34946
5.1,1,308,64.35,0.018159
5,1,308,44.44,0.023109
5,1,308,87.11,0.003968
4.8,1,461,281.44,0.000029
5.4,2,461,137.17,0.001152
4.9,2,461,134.75,0.000227
5.3,2,461,139.22,0.000275
5,1,461,77.7,0.002303
6.1,1,461,53.23,0.71435
5.4,3,461,66.4,0.026502
6,1,461,63.03,0.37321
5.2,2,461,252.83,0.000063
5.3,1,461,38.8,0.085751
5.1,1,461,79.99,0.01832
5.3,2,461,200.32,0.000364
5.2,1,461,201.33,0.000185
5.3,1,461,198.82,0.000117
6.5,1,461,44.67,2.0156
5.1,1,461,46.01,0.052951
5.2,2,506,125.84,0.000216
5.4,2,506,122.38,0.000255
5.4,3,506,277.78,0.000063
5.3,3,506,277.43,0.000022
4.8,1,506,296.5,0.000003
6.3,3,506,255.58,0.000334
6.1,2,506,250.6,0.000146
6.1,3,506,143.46,0.008384
5.5,1,506,153.15,0.000535
5.4,2,506,166.55,0.000449
6,2,718,7.9,11.5826
6,2,582,4.2,38.8933
6,2,1020,5,7.8892
5.3,1,543,76.14,0.025946
6.5,1,543,283.19,0.003954
5.1,1,543,285.48,0.000032
6,2,464,7.5,7.1676
4.7,2,464,12.4,0.025836
5.3,1,464,74.78,0.018306
6.5,1,464,285.79,0.003998
4.8,2,287,47.6,0.31499
5.3,2,305,238.55,0.000016
5.8,3,305,234.05,0.00017
5.8,1,305,236.12,0.001295
4.1,2,529,46,0.009045
4.1,2,529,21.4,0.059546
4.8,2,529,14.2,0.061097
5.5,2,529,91.77,0.008772
5.4,2,529,87.73,0.010207
5.4,2,585,164.63,0.000955
5.2,2,585,107.53,0.04907
5.4,2,585,109.7,0.12588
5.4,3,585,74.55,0.04462
5.3,3,585,75.64,0.014421
4.8,1,585,140.31,0.002898
6.1,2,585,153.51,0.011946
5,3,585,226.26,0.000061
5.3,3,585,171.31,0.001062
6.1,3,585,232.09,0.043092
5.5,1,585,246.05,0.000657
5.4,2,585,246.91,0.001382
5.2,2,584,106.86,0.05636
5.4,2,584,109.03,0.12842
5.4,3,584,74.27,0.045106
5.3,3,584,75.29,0.012396
4.8,1,584,141.13,0.003612
6.1,2,584,152.67,0.015128
5,3,584,225.27,0.000059
5.3,3,584,170.53,0.001154
6.1,3,584,231.1,0.036832
5.5,1,584,245.06,0.000716
5.4,2,584,245.91,0.001276
5.8,3,388,254.3,0.005671
5.4,3,388,71.28,0.24748
5.3,3,388,72.08,0.082232
4.8,1,388,145.49,0.012694
4.9,1,388,245.98299,0.001912
6.3,3,388,136.34,0.12456
6.1,2,388,148.3,0.066691
5,3,388,221.12,0.000419
5.3,3,388,166.21,0.008181
6.1,3,388,227.58,0.14382
5.5,1,388,241.55,0.003909
5.4,2,388,242.23,0.006983
6,1,517,2.39,435.0952
5.1,1,580,134.13,0.000189
5,3,580,235.55,0.000025
5.2,2,580,227.37,0.000034
5.3,2,580,227.39,0.000017
5.8,3,580,204.03,0.000114
5.8,1,580,289.58,0.000338
4.8,1,580,223.18,0.000068
4.9,1,580,191.636863,0.000058
5.4,2,580,23.98,0.41068
5.3,2,580,30.08,0.047896
6.1,1,580,174.64,0.004171
5.4,3,580,182.44,0.000143
6,1,580,182.32,0.002459
5.2,2,580,179.41,0.000093
5.3,1,580,126.75,0.002366
5.1,1,580,191.31,0.000119
5.3,2,580,80.05,0.009712
5.2,1,580,81.25,0.004838
5.3,1,580,78.69,0.004081
6.5,1,580,166.93,0.014734
5.1,1,580,167.42,0.000218
5,1,580,170.36,0.000116
5,1,580,177.1,0.000048
6,2,543,11.4,2.6563
5.2,2,307,15.1,2.5347
5.1,1,483,219.51,0.000175
5.2,2,483,243.99,0.000072
5.8,3,483,220.37,0.000634
5.8,1,483,248.65,0.002926
4.8,1,483,169.21,0.001048
4.9,1,483,198.489539,0.000386
5.3,2,483,111.29,0.004016
5,1,483,232.05,0.000051
6.1,1,483,278.72,0.002626
5.4,3,483,282.65,0.000092
6,1,483,289.2,0.002256
5.2,2,483,219.07,0.00023
5.3,1,483,241.68,0.000518
5.1,1,483,286.37,0.000093
5.3,2,483,77.35,0.020946
5.2,1,483,77.28,0.014525
5.1,2,483,249.7,0.000045
5.3,1,483,76.26,0.041431
6.5,1,483,274.66,0.007087
4.4,2,277,43,0.017339
4.4,2,277,20.1,0.21383
4.1,1,277,44.9,0.00466
4.2,2,277,86.5,0.001685
5.3,2,277,84.4,0.0726
4.5,2,277,83.6,0.005484
4.8,2,277,84.4,0.021682
4.4,2,397,43.6,0.0205
4.4,2,397,20.1,0.14339
4.1,1,397,45.7,0.003051
5.3,2,397,84.5,0.046516
4.5,2,397,83.7,0.004389
4.4,2,221,44.3,0.031626
4.4,2,221,20,0.16942
4.8,1,221,128.7,0.007926
5.3,2,221,84.7,0.10484
4.5,2,221,83.9,0.014602
4.8,2,221,84.7,0.034898
5.2,2,341,17.4,2.6901
6,2,341,27.8,16.8711
6.5,2,341,68.3,1.9054
5,1,438,86.64,0.002979
5.3,1,438,145.05,0.000686
5.1,1,438,272.21,0.000029
5.2,2,438,100.09,0.001166
5.3,2,438,104.36,0.000196
5,1,438,286.34,0.000103
5.8,1,438,44.85,0.51003
5.4,2,438,215.41,0.000074
6.9,1,438,80.9,3.4217
5.2,2,438,136.89,0.000577
5.3,2,438,164.09,0.000268
5.2,1,438,165.11,0.000509
5.1,2,438,128.34,0.001301
5.3,1,438,168.94,0.000797
5.1,1,290,211.86,0.000172
5.2,2,290,234.74,0.000119
5.3,2,290,236.54,0.000033
5.8,3,290,220.64,0.000352
5.8,1,290,245.73,0.003886
5.3,2,290,98.02,0.004209
6,1,290,283.52,0.002065
6.9,1,290,283.52,0.028105
5.2,2,290,207.84,0.000322
5.3,1,290,229.78,0.00068
5.3,2,290,65.47,0.014965
5.2,1,290,65.39,0.012207
5.1,2,290,252.44,0.000067
5.3,1,290,64.05,0.0298
6.5,1,290,264.92,0.007552
6.1,2,478,44.8,3.7033
6.5,2,478,71.6,1.0501
5.4,3,484,293.35,0.000198
6,1,484,284.83,0.001183
5.2,2,484,192.12,0.000049
5.3,1,484,206.06,0.000878
5.3,1,484,290.22,0.000027
6.5,1,484,244.4,0.008138
5.1,1,484,245.22,0.000325
4.4,2,268,18.9,0.23548
5.1,1,268,142.5,0.00479
4.8,1,268,128.1,0.006384
5.3,2,268,126.2,0.003863
5.3,2,268,85.4,0.055367
4.8,2,268,85.4,0.015996
5.4,2,543,69.38,0.006967
4.9,2,543,67.94,0.000552
5.3,2,543,68.5,0.001471
5,1,543,201.62,0.000012
5.4,3,543,205.67,0.000116
6,1,543,202.21,0.001626
5.2,2,543,113.26,0.000234
5.3,1,543,113.73,0.002693
5.1,1,543,219.74,0.000084
5.3,2,543,111.88,0.00204
5.2,1,543,112.71,0.000991
5.3,1,543,111.36,0.000233
6.5,1,543,170.43,0.011451
5.1,1,543,170.46,0.000163
5.1,1,244,221.91,0.000143
5.2,2,244,149.94,0.003306
5.3,2,244,147.46,0.002188
5.8,1,244,265.57,0.001654
5.4,2,244,109.46,0.005022
5.3,2,244,108.15,0.00121
6.1,1,244,216.11,0.046562
5.4,3,244,231.71,0.001531
5.2,2,244,91.43,0.004883
5.3,1,244,134.53,0.030417
5.1,1,244,246.92,0.000589
6.5,1,244,191.49,0.085909
5.1,1,244,191.37,0.001804
5.4,3,414,81.71,0.075296
5.3,3,414,79.99,0.041636
4.8,1,414,236.18,0.000128
6.1,2,414,66.19,0.20062
5.2,1,414,126.61,0.000361
5,3,414,127.38,0.000508
5.3,3,414,89.62,0.020181
6.1,3,414,146.01,0.1836
5.5,1,414,158.99,0.00411
5.4,2,414,156.16,0.007601
4.4,2,239,41.5,0.017115
4.3,2,239,8.5,1.0845
4.4,2,239,21.2,0.18542
4.8,1,239,130.4,0.003378
4.1,1,239,43.6,0.005384
4.2,2,239,87.9,0.001745
5.3,1,239,212.2,0.001426
5.3,2,239,83.1,0.044162
4.5,2,239,82.3,0.005966
4.8,2,239,83.1,0.01312
4.7,2,463,6.4,0.50631
5.2,2,463,14.8,0.67596
5.3,2,489,217.18,0.000087
5.3,2,489,185.47,0.000079
6.1,1,489,202.8,0.010829
5.4,3,489,221.71,0.000248
6,1,489,213.83,0.002386
5.2,2,489,167.27,0.000104
5.3,1,489,130.09,0.001128
5.1,1,489,238.4,0.000134
5.3,2,489,230.6,0.000239
5.2,1,489,231.4,0.000097
5.3,1,489,230.33,0.000036
6.5,1,489,173.13,0.020303
5.1,1,489,173.94,0.000635
6.4,3,589,43.8,0.48615
5.8,3,407,81.46,0.12603
4.8,1,407,47.26,0.12165
5.4,2,407,210.31,0.00104
4.9,2,407,213.81,0.000112
5.3,2,407,214.08,0.000234
5,1,407,184.38,0.000384
6,1,407,244.35,0.005308
5.3,1,407,268.86,0.000828
5.1,1,407,242.86,0.000336
5.3,2,407,221.91,0.00073
5.2,1,407,222.14,0.000549
5.3,1,407,219.16,0.001257
6.5,1,407,257.81,0.018591
5.1,1,407,272.27,0.000117
5.3,2,529,217,0.000095
5.4,2,529,105.55,0.01428
5.2,2,529,157.74,0.005813
5.4,2,529,159.53,0.019752
5.4,3,529,0,7.4225
5.3,3,529,0.15,8.5336
4.8,1,529,207.12,0.000239
6.3,3,529,88.34,0.12086
6.1,2,529,103.65,0.071751
5,3,529,199.35,0.000228
5.3,3,529,113.51,0.01342
6.1,3,529,228.74,0.011819
5.5,1,529,241.41,0.000313
5.4,2,529,237.24,0.0006
4.5,2,364,119.3,0.000659
4.8,2,364,135.1,0.001212
5.3,3,364,104.02,0.10686
4.8,1,364,227.68,0.002121
6.1,2,364,93.24,0.51436
5.2,1,364,144.54,0.004309
6.1,3,364,131.98,3.79
5.5,1,364,146.14,0.046381
5.4,2,364,146.46,0.15856
4.3,2,420,22.1,0.084697
5.5,3,420,63.5,0.53976
5.4,3,420,108.82,0.067102
5.3,3,420,107.79,0.025521
6.1,2,420,95.44,0.06287
5,3,420,129.14,0.00121
5.3,3,420,118.9,0.006603
6.1,3,420,129.1,0.38959
5.5,1,420,143.35,0.015932
5.4,2,420,143.97,0.022172
5.4,2,266,112.31,0.031725
5.2,2,266,78.4,0.50898
5.4,2,266,79.02,1.0492
5.4,3,266,106.08,0.25578
5.3,3,266,105.06,0.1107
6.1,2,266,94.55,0.40887
5.2,1,266,145.56,0.003021
5,3,266,130.72,0.005243
5.3,3,266,118.07,0.024636
6.1,3,266,131.67,2.4077
5.5,1,266,145.88,0.053157
5.4,2,266,146.35,0.1004
5.4,3,365,102.73,0.099553
5.3,3,365,101.76,0.048502
4.8,1,365,224.45,0.001137
6.3,3,365,91.65,0.36362
6.1,2,365,94.35,0.25689
5,3,365,133.52,0.002981
5.3,3,365,117.93,0.013404
6.8,1,363,67.8,1.367
5.1,1,363,10.3,10.1736
5.3,2,363,30.6,0.72502
5.3,3,455,19.4,1.2504
5,1,529,276.76,0.000026
5.2,2,529,129.62,0.003686
5.9,2,529,289.05,0.002532
5.2,2,529,202.69,0.000572
5.2,2,529,294.11,0.00005
6.2,1,529,272.56,0.016608
5.8,1,529,236.95,0.005735
5.3,2,529,272.43,0.000073
5.2,1,529,272.29,0.000218
5.1,2,529,140.64,0.002521
6.1,3,529,259.88,0.00274
5.5,1,529,270.57,0.000168
5.3,1,529,274.43,0.000272
5.4,2,529,284.26,0.000135
6,2,347,99.6,0.2637
5.1,1,347,55.5,0.075223
5,1,438,62.08,0.002433
5.4,3,438,28.43,0.4756
6,1,438,26.19,1.5297
5.2,2,438,290.54,0.000013
5.3,1,438,67.93,0.010635
5.1,1,438,42.27,0.12952
5.3,2,438,234.85,0.000125
5.2,1,438,235.94,0.000067
5.3,1,438,233.4,0.000051
6.5,1,438,17.75,5.9277
5.1,1,438,31.95,0.041314
4.8,1,305,219.62,0.001244
5.4,2,305,31.58,1.5411
4.9,2,305,34.24,0.4385
5.3,2,305,37.51,0.30733
5.3,1,305,85.76,0.25561
5.8,3,538,52.07,0.01955
4.8,1,538,120.68,0.001067
4.9,1,538,39.509704,0.021648
5.4,2,538,175.97,0.000203
5.3,2,538,182.29,0.000037
5,1,538,110.94,0.000372
6.1,1,538,174.26,0.005555
5.4,3,538,175.15,0.00025
5.1,1,538,169.44,0.000314
5.3,2,538,207.79,0.000077
5.2,1,538,209.3,0.000075
5.3,1,538,206.36,0.000091
6.5,1,538,185.98,0.021185
5.1,1,538,200.56,0.000077
5,1,538,218.93,0.000036
5,1,538,193.12,0.00012
5.4,2,508,188.54,0.001166
4.9,2,508,186.53,0.000229
5.3,2,508,189.51,0.00039
5.4,3,508,161.25,0.005044
6,1,508,152.05,0.020006
5.2,2,508,219.48,0.000054
5.3,1,508,84.32,0.010738
5.1,1,508,177.79,0.001631
5.3,2,508,245.86,0.001147
5.2,1,508,246.65,0.000282
5.3,1,508,244.76,0.000094
6.5,1,508,112.35,0.16267
5.1,1,508,113.25,0.007306
5.1,1,370,195.66,0.000129
5.4,2,370,190.79,0.000792
4.9,2,370,188.79,0.000142
5.3,2,370,191.75,0.000279
5,1,370,204.54,0.000083
6.1,1,370,143.82,0.043431
5.4,3,370,163.13,0.004292
6,1,370,153.82,0.013357
5.3,1,370,246.85,0.000059
6.5,1,370,114.3,0.10933
5.1,1,370,115.17,0.005444
4.3,3,464,16.1,0.061571
4,3,464,14.9,0.03063
5.1,1,464,192.49,0.000048
5,3,464,256.19,0.000022
5.2,2,464,277.15,0.000035
5.3,2,464,273.93,0.00003
5.4,2,464,188.31,0.000443
5.3,2,464,189.3,0.000101
5,1,464,201.4,0.000028
6.1,1,464,141.01,0.020435
5.4,3,464,160.33,0.001515
6,1,464,151.12,0.005912
5.2,2,464,219.93,0.000029
5.3,1,464,83.58,0.003516
5.1,1,464,176.87,0.000556
5.3,2,464,245.76,0.000363
5.2,1,464,246.55,0.000086
5.3,1,464,244.64,0.00003
6.5,1,464,111.43,0.048302
5.1,1,464,112.33,0.001754
5,1,464,88.38,0.001904
5,1,464,134.29,0.000223
5.1,1,337,43.85,0.15445
5,3,337,145.67,0.002335
5.8,3,337,151.52,0.008058
4.8,1,337,221.98,0.000688
5.4,2,337,112.12,0.016627
4.9,2,337,112.38,0.002806
5.3,2,337,116.64,0.003558
5,1,337,59.33,0.050063
6.1,1,337,96.38,0.55117
5.4,3,337,99.21,0.022564
6,1,337,101.13,0.41326
5.2,2,337,256.14,0.000224
5.3,1,337,91.21,0.075009
5.1,1,337,103.99,0.021292
5.3,2,337,169.91,0.003351
5.2,1,337,171.19,0.002997
5.3,1,337,168.63,0.002817
6.5,1,337,93.92,1.2511
5.1,1,337,101.59,0.00975
6,2,445,1.3,63.4244
5.4,2,445,13.9,15.2103
5.2,3,445,52.6,0.18852
6.4,3,445,57.8,2.8905
6.6,3,445,121.4,3.4744
5,2,445,12.7,4.3419
5.4,2,525,13.9,17.8923
5.4,3,421,123.5,0.00835
4.8,1,421,97.84,0.021779
4.9,1,421,29.563494,0.27724
5.4,2,421,187.3,0.004302
4.9,2,421,190.94,0.000405
5.3,2,421,192.85,0.000647
5,1,421,134.04,0.003252
5.4,3,421,198.27,0.002218
6,1,421,194.36,0.06644
5.3,1,421,224.74,0.005534
5.1,1,421,192.32,0.002375
5.3,2,421,212.85,0.001409
5.2,1,421,214.35,0.001948
5.3,1,421,210.97,0.002431
6.5,1,421,209.02,0.17912
5.1,1,421,223.67,0.000733
6.4,1,278,117.2,0.24027
6.5,2,289,78.9,1.4391
5.1,1,361,173.6,0.000525
5,3,361,265.09,0.000366
5.3,2,361,198.27,0.000832
5.4,2,361,97.16,0.015444
4.9,2,361,95.3,0.002436
5.3,2,361,97.4,0.005284
5,1,361,187.31,0.000233
5.4,3,361,179.24,0.005313
6,1,361,174.18,0.063579
5.2,2,361,142.05,0.002113
5.3,1,361,82.07,0.15461
5.1,1,361,194.55,0.002394
5.3,2,361,149.5,0.012704
5.2,1,361,150.38,0.004925
5.3,1,361,148.62,0.001307
6.5,1,361,138.63,0.46049
5.1,1,361,139.08,0.011841
5.2,2,445,285.12,0.000014
5.1,1,445,288.77,0.000014
5.2,2,445,223.82,0.000085
5.2,2,445,234.99,0.000025
5.8,3,445,283.34,0.000061
5.8,1,445,203.96,0.000976
4.8,1,445,208.29,0.000116
5.3,2,445,162.44,0.000202
6.9,1,445,256.92,0.006722
5.2,2,445,226.98,0.000081
5.3,2,445,108.07,0.003123
5.2,1,445,108.09,0.005696
5.1,2,445,185.35,0.000058
5.3,1,445,109.51,0.012028
6.5,2,487,51.3,0.62266
5.4,2,553,232.14,0.000076
4.9,2,553,230.45,0.000008
5.3,2,553,231.76,0.000016
5.4,3,553,261.02,0.000048
6,1,553,252.4,0.00051
5.2,2,553,189.76,0.000024
5.3,1,553,174.62,0.000307
5.1,1,553,277.65,0.000032
5.3,2,553,273.15,0.000125
5.2,1,553,273.9,0.000053
5.3,1,553,273.12,0.000019
6.5,1,553,212.02,0.003997
5.1,1,553,212.89,0.000089
5,3,529,260.23,0.000015
5,1,529,229.81,0.000016
6.1,1,529,155.07,0.017102
5.4,3,529,169.13,0.001866
6,1,529,158.8,0.004649
5.2,2,529,296.12,0.000007
5.3,1,529,136.87,0.000426
5.1,1,529,185.18,0.000553
6.5,1,529,130.05,0.039746
5.1,1,529,132.28,0.001069
5,1,529,111.19,0.001092
5,1,529,147.07,0.000166
6.5,2,369,56.6,3.2594
5.2,2,529,46.7,1.7361
4.8,1,360,168.55,0.010615
5.4,2,360,71.07,0.1142
5.3,2,360,74.03,0.020295
5,1,360,155.57,0.003848
6.1,1,360,201.65,0.15005
5.4,3,360,205.19,0.00491
6,1,360,206.88,0.10874
5.2,2,360,219.62,0.001545
5.3,1,360,172.14,0.02783
5.1,1,360,208.9,0.003667
5.3,2,360,89.88,0.086285
5.2,1,360,91.38,0.1183
5.3,1,360,88.5,0.10031
6.5,1,360,198.12,0.42702
5.1,1,360,202.22,0.004283
5,1,360,209.48,0.002717
5,1,360,206.58,0.001147
5.8,1,369,227.24,0.002377
5.4,2,369,113.78,0.012021
4.9,2,369,119.88,0.000365
5.3,2,369,113.69,0.00335
5,1,369,249.06,0.000026
5.2,2,369,206.5,0.000463
5.3,1,369,250.1,0.000584
5.2,1,369,68.78,0.009629
5.1,2,369,228.98,0.000059
5.3,1,369,68.85,0.041065
6.5,1,369,287.85,0.00618
5.1,1,369,289.02,0.000096
6,2,443,33.1,2.1835
5.8,3,436,223.52,0.001241
5.4,3,436,79.59,0.038096
5.3,3,436,82.65,0.012437
4.8,1,436,124.57,0.003722
6.1,2,436,175.36,0.009944
6.1,3,368,183.48,0.008204
5.5,1,368,195.88,0.000514
5.4,2,368,209.96,0.000323
5.3,2,436,99.45,0.006316
5.8,1,436,239.73,0.001432
5.2,2,436,78.94,0.005007
5.3,1,436,239.6,0.000375
5.3,2,436,216.17,0.000233
5.2,1,436,216.54,0.00018
5.3,1,436,217.01,0.000108
6.5,1,436,295.1,0.003662
5.1,1,436,293.92,0.00006
4.8,1,376,186.52,0.001886
5.4,2,376,83.98,0.008609
4.9,2,376,86.83,0.001203
5.3,2,376,90.08,0.002139
5,1,376,100.36,0.003182
5.4,3,376,149.37,0.002033
6,1,376,151.45,0.043041
5.2,2,376,239.04,0.000043
5.3,1,376,128.68,0.005598
5.1,1,376,152.68,0.002388
5.3,2,376,131.06,0.003496
5.2,1,376,132.48,0.002453
5.3,1,376,130.03,0.004695
6.5,1,376,143.87,0.081018
5.1,1,376,150.3,0.00099
5.1,1,253,196.78,0.003698
5.3,2,253,153.82,0.00297
5,1,253,211.15,0.014642
5.8,1,253,159.19,0.16372
5.2,2,253,210.12,0.001827
5,1,399,188.01,0.000244
6,1,399,212.7,0.010694
5.2,2,399,138.38,0.00187
5.3,1,399,53.03,0.086687
6.5,1,399,191.13,0.048067
5.1,1,399,191.24,0.00076
5.1,1,547,236.72,0.000033
5.4,2,547,221.48,0.000255
5.3,2,547,222.03,0.000056
5.4,3,547,201.41,0.001014
6,1,547,191.44,0.004378
5.2,2,547,225.31,0.000046
5.3,1,547,127.71,0.001351
5.1,1,547,217.89,0.000419
5.3,2,547,274.36,0.000508
5.2,1,547,275.22,0.000128
5.3,1,547,273.62,0.000043
6.5,1,547,153.05,0.029764
5.1,1,547,154.21,0.001243
5.3,1,405,107.23,0.028412
5.1,1,405,197.56,0.006677
5.2,2,405,153.25,0.008434
5.3,2,405,152.96,0.002908
5,1,405,211.95,0.03493
5.8,1,405,158.93,0.15858
6.9,1,405,87.83,5.4396
5.2,2,405,209.24,0.002183
5.1,2,405,254.19,0.000662
4.8,2,354,18.2,0.81785
5.3,2,354,22.5,1.7809
6,2,354,55,1.6625
5.8,1,333,290.95,0.008739
4.8,1,333,159,0.006877
4.9,1,333,155.734912,0.002688
5.4,2,333,81.47,0.046386
4.9,2,333,85.83,0.003478
5.3,2,333,83.86,0.011132
5,1,333,172.38,0.000673
5.4,3,333,223.78,0.001154
6,1,333,225.57,0.031239
5.2,2,333,223.54,0.00064
5.3,1,333,191.13,0.004286
5.1,1,333,226.89,0.000973
5.3,2,333,87.48,0.052704
5.2,1,333,88.58,0.049184
5.3,1,333,85.23,0.079529
6.5,1,333,217.09,0.089333
5.1,1,333,221.55,0.000676
6.7,2,339,5.3,76.1596
6.4,2,339,18.6,21.8322
6.4,1,339,119.2,1.1393
4.6,2,404,40,0.006111
4.4,2,404,45,0.025677
5.2,2,404,40.2,0.12406
5.5,2,404,35.3,0.766
5.1,2,404,44.4,0.063941
5.2,2,404,40.4,0.56021
4.6,2,404,45.1,0.003613
4.5,2,404,41.2,0.001511
4.3,2,404,40.7,0.002106
5.4,2,404,92.2,0.054754
5.4,2,404,42.3,0.10678
5.3,2,404,50.6,0.079666
4.6,2,404,25,0.030874
5.5,1,404,150.5,0.03052
5.7,1,404,150.3,0.02064
5.1,2,404,149.9,0.007192
5.7,1,404,147.6,0.035075
4.4,2,404,24,0.020112
5.2,2,404,93.7,0.067352
5.3,2,404,177.5,0.00277
4.4,2,404,87.7,0.001099
4.6,2,404,90.4,0.002012
4.4,2,404,86.6,0.002919
5.5,2,482,26.3,0.42327
6.5,2,482,10.2,23.7893
4.8,1,556,231.7,0.0001
4.9,1,556,132.649659,0.000769
5.4,2,556,195.15,0.000489
4.9,2,556,195.75,0.000075
5,1,556,21.18,0.061105
6.1,1,556,68.62,0.60446
5.4,3,556,69.66,0.040542
6,1,556,62.12,0.29406
5.3,1,556,138.97,0.00469
5.1,1,556,60.28,0.040071
5.2,1,556,251.57,0.000252
5.1,1,411,213.22,0.000228
5.4,2,411,256.87,0.000743
5.3,1,411,129.09,0.004967
5.1,1,411,171.58,0.005529
6.5,1,411,117.92,0.33431
5.1,1,411,120.21,0.011358
5.3,1,384,292.39,0.00019
5.2,2,384,129.57,0.005706
5.9,2,384,247.64,0.004835
6.1,3,384,276.07,0.001662
5.5,1,384,288.01,0.000099
5.4,2,476,24.6,0.050412
5.1,3,476,29,0.63097
5.2,3,476,53.4,0.77802
6.4,3,476,34.2,23.5146
6.6,3,476,123.6,12.2898
6.8,3,476,37.4,14.5645
6.5,0,476,40.5,4.38
6.2,1,476,50.7,1.6589
5.2,2,431,126.58,0.003834
5.2,2,431,200.51,0.002284
5.4,2,431,198,0.002556
6.2,1,431,178.95,0.058812
5.4,3,431,291.6,0.002001
6.3,3,431,220.23,0.007359
6.1,2,431,211.38,0.003494
5.3,3,431,231.64,0.000175
6.1,3,431,42.15,9.4811
5.5,1,431,53.96,1.916
5.4,2,431,64.57,0.13312
5.2,2,137,216.42,0.000027
6.2,1,137,58.89,0.42551
6.1,3,137,268.84,0.000843
5.5,1,137,276.69,0.000091
5.2,2,437,179.47,0.000214
5.4,2,437,177.17,0.000297
6.2,1,437,206.51,0.003
5.4,3,437,263.87,0.000126
5.3,3,437,261.98,0.000049
6.1,2,437,184.09,0.000437
5,3,437,105.59,0.000076
5.3,3,437,204.8,0.000018
6.1,3,437,15.57,1.5577
5.5,1,437,28.65,0.1286
5.4,2,437,41.57,0.025466
5.3,1,501,168.98,0.000272
5.1,1,501,280.42,0.000025
5.2,2,501,89.92,0.002866
5.3,2,501,87.32,0.002162
5,1,501,295.36,0.000077
5.8,1,501,171.08,0.005014
5.4,2,501,285.05,0.000004
6.9,1,501,103.89,0.37146
5.2,2,501,135.45,0.000567
5.3,2,501,265.75,0.000015
5.2,1,501,265.73,0.000014
5.1,2,501,274.56,0.000013
5.3,1,501,267.23,0.000011
5.8,1,495,164.46,0.058019
4.8,1,495,255.21,0.000395
5.4,2,495,118.98,0.020351
4.9,2,495,123.54,0.000684
5.3,2,495,116.21,0.006817
5.2,2,495,153,0.003732
5.3,1,495,257.95,0.000597
5.3,2,495,55.35,0.085609
5.2,1,495,55.47,0.33906
5.1,2,495,186.46,0.000602
5.3,1,495,58.74,0.28349
5.2,3,641,15.9,0.50459
4.9,1,641,23.6,0.78474
6.4,3,641,91.2,0.379
6.6,3,641,75.8,6.3725
5.8,3,652,52.27,0.048073
4.8,1,652,143.85,0.001151
5,1,652,88.73,0.001268
6,1,652,148.82,0.009682
5.3,1,652,188.65,0.00057
5.1,1,652,146.47,0.000776
5.3,2,652,216.7,0.000116
5.2,1,652,218.2,0.000136
5.3,1,652,215.71,0.000263
6.5,1,652,165.82,0.024133
5.1,1,652,181.12,0.000103
6.6,3,715,76.2,0.45237
4.5,2,631,35.1,0.041878
4.2,1,631,35.2,0.071844
4.3,2,631,12.5,0.064407
4.5,2,631,57.8,0.001336
4.3,1,631,7.8,0.51894
5.1,3,631,142.5,0.004392
5,2,631,38.2,0.005186
4.1,2,631,259.3,0.011874
6.8,3,631,118.3,1.0266
6.5,0,631,98,0.16603
6.2,1,631,103.7,0.034759
6.4,1,631,226.4,0.006975
5.6,3,631,88.9,0.005235
4.8,2,529,24.4,0.10291
5.6,2,543,51.2,0.34546
5.4,2,543,29.3,0.21254
4.9,2,543,27.43,0.020771
5.3,2,543,29.72,0.11459
6,1,543,186.94,0.004596
5.2,2,543,142.41,0.000376
5.3,1,543,110.61,0.00739
5.1,1,543,200.96,0.00016
5.3,2,543,87.84,0.018058
5.2,1,543,88.43,0.008826
5.3,1,543,86.28,0.00214
6.5,1,543,161.96,0.026614
5.1,1,543,162.18,0.000307
6.5,2,307,72.8,5.0594
5.2,2,307,31.8,0.84069
6.4,1,302,179.6,0.49785
6.4,1,321,176.5,0.33752
5.4,2,313,105.98,0.019497
4.9,2,313,104.77,0.001247
5.3,2,313,104.62,0.005246
6.1,1,313,216.43,0.14129
5.4,3,313,231.82,0.004536
6,1,313,227.53,0.041428
5.2,2,313,89.92,0.006636
5.3,1,313,135,0.10486
5.1,1,313,246.91,0.00151
5.3,2,313,137.14,0.011142
5.2,1,313,137.86,0.00759
5.3,1,313,137.22,0.002704
6.5,1,313,192.15,0.30132
5.1,1,313,191.99,0.006493
5.2,2,444,149.4,0.00575
5.3,2,444,147.03,0.003813
5.4,2,444,105.97,0.016019
4.9,2,444,104.74,0.001492
5.3,2,444,104.63,0.005418
6,1,444,226.65,0.03529
5.1,1,270,220.62,0.000384
5.2,2,270,148.04,0.004698
5.3,2,270,145.7,0.003263
5.8,1,270,262.16,0.00324
5,1,270,235.13,0.000164
6.1,1,270,216.6,0.11269
6,1,270,247.85,0.035611
6.9,1,270,247.85,0.22468
5.2,2,270,89.53,0.010442
5.3,1,270,135.22,0.10527
5.1,1,270,247.02,0.001228
5.3,2,270,136.28,0.012319
5.2,1,270,137,0.010756
5.3,1,270,136.36,0.003268
6.5,1,270,192.39,0.31506
5.1,1,270,192.23,0.005034
5,1,270,178.15,0.001902
5,1,270,212.8,0.000896
5,1,249,26.26,0.75553
6.1,1,249,80.58,1.509
5.4,3,249,80.22,0.066239
5.3,1,249,106.65,0.072788
5.1,1,249,80.11,0.053564
5.3,2,249,201.66,0.002045
5.2,1,249,202.99,0.002253
5.3,1,249,200.45,0.002373
6.5,1,249,84.91,3.0083
5.1,1,249,98.05,0.017185
5,1,249,92.54,0.017583
7,3,244,58.8,9.6416
5.2,1,244,10.9,1.9695
5.2,3,244,31.7,4.1626
4.7,1,244,16.3,9.4469
5.4,1,244,16,16.7906
4.8,1,244,20.8,1.4357
5.1,1,244,14.2,5.1933
5.2,1,244,14.8,1.7202
6.2,1,244,17.1,277.1047
4.4,1,244,15.8,0.37682
4.8,1,244,20,14.9181
5.4,3,244,6.3,18.1625
4.9,3,244,14.3,1.6908
4.1,1,244,34,6.1802
4.9,1,244,24.3,1.0634
4.5,1,244,7.7,1.4261
6.4,1,244,107.5,6.5748
5,3,311,164.34,0.002397
5.8,3,311,241.24,0.003162
5,1,311,111.83,0.004379
5.4,3,311,68.84,0.055779
6,1,311,60.63,0.49015
5.2,2,311,262.28,0.000494
5.3,1,311,34.64,0.53867
5.1,1,311,85.54,0.052075
5.2,1,311,234.36,0.001695
5.3,1,311,231.95,0.00084
6.5,1,311,20.01,25.1364
5.1,1,311,21.15,5.5217
5.8,3,291,8.2,85.9746
5,1,291,18.3,6.5891
5.2,3,291,31.5,4.903
4.7,1,291,16.4,6.3989
5.3,3,291,54.5,2.9277
5.4,1,291,16,19.6699
4.8,1,291,20.8,1.8316
5.1,1,291,14.3,5.7833
5.2,1,291,14.9,1.2434
5.1,1,291,16.4,0.33969
4.8,1,291,25.2,0.28155
6.4,1,291,107.6,6.6528
5.1,1,529,238.29,0.000041
5.2,2,529,94.94,0.001948
5.3,2,529,98.43,0.001051
5,1,529,252.94,0.000169
5.8,1,529,38.52,0.36427
6.9,1,529,38.48,8.6204
5.2,2,529,145.86,0.00053
5.3,2,529,202.26,0.000079
5.2,1,529,203.39,0.000158
5.1,2,529,142.26,0.000566
5.3,1,529,207.05,0.000154
5.7,1,408,100.3,0.185
4.8,1,408,76.1,0.039189
4.7,1,408,43.8,0.037851
4.6,1,408,38.5,0.013437
4.9,1,408,232.8,0.004771
4.2,1,408,51.4,0.00352
5.1,1,408,138.8,0.00288
4.4,1,408,24.7,0.11468
4.8,1,408,74.4,0.013282
4.4,2,408,38.7,0.017204
4.2,1,408,91.7,0.005632
5.1,1,408,134.1,0.004742
4.5,2,408,133,0.002832
5.3,2,408,105.2,0.013639
5.3,1,408,81.5,0.12583
5.2,2,384,135.65,0.006981
5.3,2,384,192.85,0.000626
5.2,1,384,194.01,0.000613
5.1,2,384,147.17,0.001702
5.3,1,384,197.5,0.000875
5.4,3,428,293.64,0.00007
6,1,428,284.11,0.00046
5.2,2,428,214.62,0.000014
5.3,1,428,210.89,0.000174
6.5,1,428,244.77,0.002794
5.1,1,428,245.71,0.000083
5.3,2,529,221,0.00006
5.2,1,529,221.37,0.00005
5.3,1,529,221.86,0.000046
5.1,1,320,258.33,0.000026
5.2,2,320,202.74,0.000117
5.4,2,320,201.18,0.000133
5.2,2,320,266.99,0.000026
5.8,3,320,239.59,0.000228
5.8,1,320,248.88,0.000633
4.8,1,320,162.2,0.000819
4.9,1,320,216.010907,0.000086
5.4,2,320,155.72,0.001849
5.3,2,320,156.12,0.000367
5,1,320,269.88,0.000006
5.2,2,320,250.24,0.000067
5.3,1,320,286.94,0.000108
5.3,2,320,114.58,0.003167
5.2,1,320,114.54,0.002809
5.3,1,320,114.6,0.008732
6,1,249,6.36,285.2485
5.3,1,249,96.64,0.17186
5.1,1,249,12.27,27.0467
5.2,1,249,263.11,0.001397
5.3,1,249,260.55,0.006691
6.5,1,249,29.9,33.4803
5.1,1,249,48.24,0.14812
5,1,249,13.2,1.7216
4.8,1,249,18.6,2.0251
4.8,1,249,12.6,3.3382
6.6,3,249,67.9,0.56461
4.5,1,249,10.3,1.9949
4.8,1,249,12.7,0.72922
4.4,1,249,14,0.26894
4.3,1,249,9,0.022281
4.3,1,249,17.5,0.059773
4.5,1,249,12.6,0.030931
4.5,2,249,3.7,2.2975
4.3,1,249,14.3,0.49919
6.4,1,249,92.7,2.7408
5.3,2,249,262.01,0.000597
5.3,1,249,260.6,0.000236
6.5,1,249,30.07,13.2554
5.1,1,249,48.4,0.060535
5,1,249,72.72,0.011693
5,1,249,28.28,1.1027
6.1,1,249,2.57,286.6079
6.4,1,457,152,0.24288
5.1,1,464,84.48,0.001749
5,3,464,148.4,0.000087
5.8,3,464,220.61,0.000153
4.9,1,464,225.216288,0.000085
5.3,2,464,163.87,0.000054
5,1,464,91.44,0.00068
6.1,1,464,36.87,1.0076
5.4,3,464,55.15,0.047493
6,1,464,48.37,0.46182
5.2,2,464,266.22,0.00001
5.3,1,464,38.02,0.063681
5.1,1,464,71.46,0.022247
5.3,2,464,225.73,0.000085
5.2,1,464,226.67,0.000038
5,3,360,171.82,0.002558
5.8,3,360,83.46,0.091929
4.8,1,360,124.93,0.005842
4.9,1,360,68.268343,0.060481
5.4,2,360,145.98,0.005877
4.9,2,360,149.62,0.000597
5.3,2,360,151.93,0.001435
5,1,360,112.71,0.00308
5.4,3,360,175.97,0.002641
6,1,360,176.53,0.1104
5.3,1,360,188.04,0.012297
5.1,1,360,172.85,0.002665
5.3,2,360,176.34,0.003167
5.2,1,360,177.85,0.004426
5.3,1,360,174.92,0.003332
6.5,1,360,181.59,0.25189
5.1,1,360,194,0.001175
5,1,376,289.21,0.000235
5.2,2,376,244.9,0.000679
5.2,2,376,92.65,0.052898
5.4,2,376,91.57,0.057295
5.8,3,376,247.11,0.001479
5.4,3,376,213.79,0.005489
5.3,3,376,213.9,0.001611
4.8,1,376,127.22,0.007724
6.3,3,376,253.39,0.005799
6.1,2,376,259.61,0.004607
5.4,2,376,259.37,0.000481
5.3,2,376,226.45,0.000741
5.2,1,376,226.41,0.000918
5.3,3,376,282.75,0.000252
5.1,1,403,216.03,0.000016
5.2,2,403,190.97,0.000215
5.4,2,403,191.5,0.000278
5.8,3,403,123.12,0.001063
5.4,3,403,223.49,0.0001
5.3,3,403,226.35,0.000027
4.8,1,403,20,0.031467
4.9,1,403,103.872766,0.000281
5.4,2,403,220.21,0.000042
5.3,2,403,222.86,0.000013
5,1,403,222.32,0.000008
6.1,1,403,284.73,0.00051
5.4,3,403,286.48,0.000016
5.3,1,403,297.47,0.000041
5.1,1,403,281.74,0.000014
5.3,2,403,219.2,0.000034
5.2,1,403,219.09,0.000039
5.3,1,403,216.69,0.000074
5.8,1,320,245.28,0.015391
4.8,1,320,171.29,0.006841
5.4,2,320,113.48,0.084136
4.9,2,320,119.45,0.004385
5.3,2,320,113.96,0.018296
6,1,320,288.44,0.009333
5.2,2,320,218.8,0.002181
5.3,1,320,245.41,0.002682
5.1,1,320,290.85,0.000542
5.1,2,320,245.35,0.000248
5.3,1,320,76.87,0.2362
6.5,1,320,278.95,0.027408
5.1,1,320,281.58,0.000376
5.9,2,755,35.2,7.009
6.4,2,755,28.4,4.2837
5.6,2,755,26.7,0.25266
5.6,2,755,15.4,1.3146
4.8,1,306,249.15,0.000377
5.4,2,306,112.02,0.011462
4.9,2,306,110.76,0.002054
5.3,2,306,115.24,0.00328
5,1,306,69.93,0.018511
5.4,3,306,88.39,0.064804
6,1,306,88.04,0.76358
5.2,2,306,244.17,0.000815
5.3,1,306,63.48,0.98889
5.1,1,306,97.9,0.047854
5.3,2,306,173.78,0.004963
5.2,1,306,174.92,0.003462
5.3,1,306,172.36,0.002535
6.5,1,306,76.71,3.5919
5.1,1,306,80,0.066551
6.4,1,91,26.6,14.8264
4.8,1,439,119.95,0.000714
4.9,1,439,15.84376,0.034592
5.4,2,439,220.14,0.000067
5.3,2,439,226.54,0.000017
5.3,1,439,235.88,0.000115
5.1,1,439,182.55,0.000051
5.3,2,439,251.33,0.000037
5.2,1,439,252.84,0.000047
5.3,1,439,249.74,0.000044
5.1,1,439,224.53,0.000015
5,1,439,213.43,0.000014
5.2,2,535,246.62,0.000159
5.3,2,535,243.32,0.000098
5.4,2,535,173.56,0.002758
5.3,2,535,174.09,0.000608
6.1,1,535,161.96,0.037424
5.4,3,535,181.07,0.001168
6,1,535,172.89,0.008616
5.3,1,535,92.62,0.007917
5.1,1,535,197.76,0.000554
5.3,2,535,226.82,0.001273
5.2,1,535,227.69,0.000481
5.3,1,535,226.01,0.000145
6.5,1,535,132.18,0.054511
5.1,1,535,133.12,0.002353
5,1,535,110.43,0.001288
5.2,2,435,281.95,0.000055
5.3,2,435,272.64,0.000016
5.2,1,435,273.08,0.000042
5.1,2,435,30.98,0.18158
5.3,1,435,276.67,0.000065
5.2,2,420,175.46,0.000456
5.3,2,420,170.78,0.000322
5.4,2,420,219.84,0.000242
5.3,2,420,218.57,0.000059
6.9,1,420,272.05,0.032624
5.2,2,420,135.67,0.000453
5.3,1,420,204.33,0.001338
5.3,2,420,246.14,0.000207
5.2,1,420,246.74,0.000175
5.3,1,420,246.51,0.000063
6.5,1,420,252.45,0.007834
5.6,1,381,18.6,2.3804
5.3,2,381,9.5,5.2383
5.6,2,381,33.9,0.033487
6.4,1,381,32.8,6.5773
5.5,2,381,6.89,5.1901
5.4,2,381,11.06,6.0698
5.3,3,464,276.86,0.000021
4.8,1,464,218.69,0.000021
6.1,2,464,292.29,0.000101
5,3,464,285.69,0.000002
5.3,2,464,238.97,0.000027
5.2,1,464,238.98,0.000051
6.1,3,464,231.61,0.001801
5.5,1,464,244.01,0.00011
5.3,1,464,240.13,0.000164
5.4,2,464,255.74,0.000082
5.2,2,410,95.07,0.00741
5.3,2,410,90.21,0.00893
5.4,2,410,252.96,0.000062
5.3,2,410,252.47,0.000034
6.9,1,410,163.72,0.46074
5.2,2,410,104.7,0.001909
5.3,1,410,297.39,0.000341
5.3,2,410,248.97,0.000152
5.2,1,410,249.16,0.000157
5.3,1,410,250.1,0.000079
5,3,409,222.75,0.000196
5.3,2,409,283.94,0.00003
5.8,3,409,148.02,0.003902
4.8,1,409,148.39,0.005362
5.4,2,409,92.46,0.01598
4.9,2,409,95.93,0.001804
5,1,409,147.04,0.000629
5.4,3,409,201.85,0.000738
6,1,409,204.38,0.015313
5.2,2,409,242.57,0.0001
5.3,1,409,179.96,0.003257
5.1,1,409,203.4,0.00095
5.3,2,409,111.88,0.007233
5.2,1,409,113.38,0.006898
6.5,1,409,197.51,0.046286
5.1,1,409,204.43,0.000561
4.4,2,464,59.7,0.008418
5.2,2,529,242.16,0.000057
5.4,2,529,240.75,0.000062
5.2,2,529,240.03,0.000077
5.3,2,529,242.1,0.000025
5.8,3,529,228.29,0.000235
5.8,1,529,241.57,0.001577
4.8,1,529,174.47,0.000291
4.9,1,529,206.297833,0.000117
5.3,2,529,114.61,0.002483
5,1,529,239.81,0.000023
5.4,3,529,289.86,0.000066
6,1,529,283.2,0.001866
6.9,1,529,283.2,0.014759
5.2,2,529,216.87,0.000208
5.3,1,529,247.2,0.000401
5.1,1,529,293.84,0.000051
5.3,2,529,76.41,0.025005
5.2,1,529,76.35,0.023421
5.3,1,529,75.75,0.072781
6.5,1,529,281.56,0.006651
5.1,1,529,283.9,0.000045
5,1,529,290.06,0.000016
5.1,1,418,152.26,0.000692
5.8,3,418,136.55,0.0028
4.8,1,418,118.58,0.023361
4.9,1,418,115.633996,0.001966
5.3,2,418,123.91,0.000426
5,1,418,162.32,0.000204
6.1,1,418,221.17,0.005756
5.4,3,418,221.26,0.00026
5.3,1,418,208.14,0.000557
5.1,1,418,221.09,0.000366
5.3,2,418,130.84,0.002745
5.2,1,418,131.57,0.00204
5.3,1,418,128.37,0.003931
6.5,1,418,219.87,0.013759
5.1,1,418,228.7,0.000101
5.8,3,381,126.99,0.023468
5.4,3,381,204.93,0.001425
4.8,1,381,2.78,0.75585
4.9,1,381,110.673589,0.004754
5.4,2,381,239.74,0.000416
4.9,2,381,243.52,0.000039
5.1,1,381,294.79,0.000092
5.3,2,381,238,0.000426
5.2,1,381,237.9,0.000238
5.3,1,381,235.57,0.000553
5.2,2,485,7.33,4.2936
5.2,2,485,193.4,0.000413
5.4,2,485,190.14,0.000308
6.2,1,485,163.21,0.048528
5.4,2,485,174.09,0.001929
5.2,2,514,132.44,0.000324
5.3,2,514,128.28,0.000264
5.8,1,514,233.61,0.00083
6.9,1,514,167.56,0.055916
5.2,2,514,158.11,0.000124
5.2,2,472,115.18,0.002023
5.3,2,472,110.18,0.001757
5.8,1,472,249.5,0.000922
6.9,1,472,203.54,0.11174
5.2,2,472,94.47,0.002253
5.3,1,472,250.19,0.000215
5.3,2,472,232.51,0.000078
5.2,1,472,232.88,0.000084
6.8,1,589,56.5,3.795
5.1,1,589,19.1,5.1743
5.1,2,464,6.7,1.4439
5,1,384,10.5,0.80382
5.2,1,384,19.8,1.2522
4.6,1,384,20.4,2.0031
5.3,1,384,33,1.8965
5.6,1,384,5.6,21.1739
4.6,1,384,5.7,0.66718
6.4,2,384,14.8,4.6031
6.4,1,384,14.7,33.3156
5.3,1,378,33.3,1.4733
5.6,1,378,4.9,26.9367
4.6,1,378,5.8,0.19708
6.4,2,378,14,21.0054
6.4,1,378,15.1,25.492
6.4,2,322,14.1,3.2747
5.6,2,322,44.6,0.23937
6.4,1,322,16.1,15.6931
4.8,1,350,221,0.000983
4.9,1,350,157.177366,0.003017
5.4,2,350,92.1,0.024517
4.9,2,350,92.4,0.003758
5.3,2,350,96.64,0.005403
5,1,350,79.33,0.021417
6.1,1,350,110.78,0.46174
5.4,3,350,115.74,0.022721
6,1,350,116.76,0.37513
5.2,2,350,237.5,0.000221
5.3,1,350,91.37,0.0549
5.1,1,350,122.3,0.01435
5.2,1,350,151.52,0.00395
5.3,1,350,148.96,0.003371
6.5,1,350,107.39,0.97234
5.1,1,350,112.12,0.009882
5.4,2,423,85.13,0.008665
5.3,2,423,89.47,0.002308
5.4,3,423,119.88,0.005001
6,1,423,120.43,0.085034
5.3,1,423,88.62,0.020755
5.1,1,423,127.5,0.004415
5.3,2,423,144.28,0.001158
5.2,1,423,145.51,0.001029
6.5,1,423,110.06,0.28071
5.1,1,423,113.11,0.004858
5,2,150,45.5,0.17534
6,3,150,68.8,0.48004
5,1,150,10.5,0.60306
5.2,1,150,19.8,0.98423
4.6,1,150,20.4,1.7464
5.3,1,150,33,1.366
5.6,1,150,5.7,15.0272
4.6,1,150,5.7,0.27548
5.3,2,150,22.9,0.29408
6.4,2,150,14.9,4.3617
4.5,2,197,33,0.081055
4.7,1,197,1.1,0.72891
5.5,3,197,92.2,0.061578
5.5,3,197,90.3,0.061484
5.7,3,197,88.9,0.10911
6.4,1,197,14,49.9089
4.5,1,197,27.1,0.053321
4.1,1,197,30.2,0.060146
5.5,2,197,23.63,0.24303
5.4,2,197,27.11,0.31222
5,1,475,224.32,0.000238
5.3,2,475,148.14,0.003673
5.3,1,475,146.82,0.003627
6.5,1,475,107.48,0.8452
5.1,1,475,111.32,0.010038
5,1,475,120,0.006058
5,1,475,115.66,0.004728
5.1,1,197,110.2,0.009709
5,1,197,113.72,0.006111
5.8,1,346,239.08,0.00195
4.8,1,346,178.06,0.000346
5.4,2,346,110.44,0.006973
4.9,2,346,116.47,0.000251
5.3,2,346,110.73,0.001804
6,1,346,289.36,0.001326
5.2,2,346,212.47,0.000152
5.3,1,346,71.27,0.027381
6.5,1,346,279.49,0.003986
5.1,1,346,281.45,0.000036
5.8,3,390,34.36,0.29956
4.8,1,390,107.78,0.013454
4.9,1,390,15.936038,0.27731
5.4,2,390,198.35,0.000738
5,1,390,127.6,0.001663
6,1,390,186.14,0.016997
5.3,1,390,225.62,0.003468
5.1,1,390,184.56,0.001197
5.2,1,390,228.59,0.000362
5.3,1,390,225.38,0.000443
6.5,1,390,204.74,0.10762
5.1,1,390,220.22,0.000457
5.4,2,320,112.25,0.027525
4.9,2,320,118.18,0.001309
5.3,2,320,112.86,0.005357
6,1,320,285.31,0.00226
5.3,1,320,243.16,0.000624
5.1,1,320,287.53,0.000104
5.3,2,320,78.67,0.046844
5.2,1,320,78.61,0.037278
5.1,2,320,249.22,0.000062
5.3,1,320,77.62,0.076612
6.5,1,320,275.95,0.008126
5.1,1,320,278.82,0.000074
5.8,1,409,246.53,0.024245
5.4,2,409,113.34,0.13969
4.9,2,409,119.3,0.00575
5.3,2,409,113.87,0.023854
6,1,409,287.61,0.008595
5.2,2,409,219.53,0.002374
5.3,1,409,244.92,0.003785
5.1,1,409,289.94,0.000806
5.3,2,409,78.29,0.11375
5.2,1,409,78.23,0.084772
5.1,2,409,246.58,0.00043
5.3,1,409,77.37,0.2384
6.5,1,409,278.17,0.031362
5.1,1,409,280.89,0.000619
5.4,2,412,111.26,0.008423
4.9,2,412,117.22,0.00047
5.3,2,412,111.79,0.002535
6,1,412,285.78,0.001471
5.2,2,412,218.12,0.00012
5.3,1,412,242.86,0.000371
5.1,1,412,288.2,0.000059
5.3,2,412,76.66,0.016113
5.2,1,412,76.6,0.010871
5.1,2,412,247.52,0.000026
5.3,1,412,75.69,0.023375
6.5,1,412,276.29,0.005309
5.1,1,412,278.93,0.000039
5.2,2,350,100.08,0.003498
5.8,1,350,235.5,0.001507
5.4,2,593,161.45,0.00079
5.8,3,593,243.79,0.000553
5.4,3,593,53.34,0.064921
5.3,3,593,57.2,0.034691
4.8,1,593,152.04,0.001642
6.1,2,593,156.52,0.006353
5,3,593,243.94,0.000028
5.2,2,506,56.54,0.00799
5.3,2,506,51.65,0.01263
5.8,1,506,192.03,0.001082
5.1,2,408,258.66,0.000082
5.3,1,408,149.69,0.00121
5.1,1,408,296.71,0.000074
5.1,1,553,39.5,2.0141
4.6,2,553,23.1,0.22441
5,2,553,26.2,0.77879
5.1,2,553,25.9,1.1728
5.3,2,553,22.1,6.1878
5.2,3,333,20.3,2.3135
5.3,3,333,43,1.2633
5.4,1,333,19.2,1.5923
6.2,1,333,17,24.6019
5.4,3,333,18.9,1.484
4.9,1,333,17.7,1.8535
5,3,384,179.08,0.001197
5.8,3,384,253.42,0.001588
5.4,2,384,167.2,0.007399
4.9,2,384,164.75,0.000913
5.3,2,384,168.86,0.001078
5,1,384,125.01,0.001882
6.1,1,384,64.31,0.98931
5.4,3,384,83.54,0.045082
6,1,384,75.23,0.26179
5.2,2,384,252.07,0.000424
5.3,1,384,30.39,0.21333
5.1,1,384,100.23,0.02161
5.2,1,384,231.76,0.001136
5.3,1,384,229.41,0.000496
6.5,1,384,34.54,7.0013
5.1,1,384,35.61,0.78034
5.2,3,115,25.5,2.6743
5.2,3,115,20.5,3.4433
5.4,1,115,19,2.4088
4.9,1,115,17.6,2.271
5.2,2,397,79.68,0.003061
5.3,1,397,240.8,0.000346
5.3,2,397,217.2,0.00011
5.2,1,397,217.57,0.000088
5.3,1,397,218.05,0.0001
6.5,1,397,296.28,0.003206
5.1,1,397,295.09,0.00005
5.3,2,397,99.53,0.005991
5.4,2,496,205.33,0.000775
5,1,496,167.69,0.000446
6.1,1,496,96.53,0.95149
5.4,3,496,113.89,0.10077
6,1,496,103.63,0.25451
5.3,1,496,73.82,0.015044
5.1,1,496,130.47,0.032985
5.3,2,496,267.98,0.000333
5.2,1,496,268.57,0.000126
5.3,1,496,266.36,0.00006
6.5,1,496,68.6,1.3963
5.1,1,496,70.51,0.031501
5,1,496,47.46,0.051721
5,1,496,88.92,0.009829
4.4,2,543,40.1,0.031214
4.2,2,502,89.1,0.000096
5.3,1,502,213.2,0.000081
4.2,2,502,91,0.000016
5.3,2,395,82.6,0.037494
4.5,2,395,81.8,0.006258
4.8,2,395,82.6,0.010461
5.3,1,541,215.75,0.000815
5.2,2,541,250.75,0.000063
5.2,2,541,278.08,0.000083
5.4,2,541,274.84,0.000084
5.2,2,541,216.2,0.00008
5.3,2,541,220.29,0.000015
5.8,1,541,123.46,0.085555
6.9,1,541,191.3,0.11783
5.2,2,541,237.37,0.000065
5.3,2,541,182.31,0.000147
5.2,1,541,182.39,0.000398
5.1,2,541,70.05,0.014503
5.3,1,541,185.54,0.000487
5.3,2,406,199.32,0.001076
5.4,2,406,217.24,0.001854
5.4,3,406,273.3,0.000991
6,1,406,265.61,0.011755
5.2,2,406,158.18,0.001119
5.3,1,406,180.88,0.007484
5.1,1,406,289.99,0.000728
5.3,2,406,252.09,0.002325
5.2,1,406,252.79,0.000956
5.3,1,406,252.24,0.000379
6.5,1,406,224.89,0.086252
5.1,1,406,225.51,0.002256
5,3,415,142.52,0.000198
5.8,3,415,16.44,0.079249
4.8,1,415,124.21,0.000984
4.9,1,415,19.549124,0.048932
6,1,415,175.02,0.003231
5.3,1,415,225.47,0.000182
5.1,1,415,174.03,0.000078
5.3,2,415,243.5,0.000042
5.2,1,415,245.01,0.000053
5.3,1,415,242.03,0.000046
6.5,1,415,198.41,0.007268
5.1,1,415,214.77,0.000022
4.8,1,438,17.2,0.22744
6,3,438,35.3,1.22
5.3,1,438,41.2,0.14376
4.5,2,438,2.2,0.47121
4.7,1,438,8.3,0.37123
5.1,3,438,1.5,7.0933
5.1,3,438,1.7,4.752
5.4,3,438,1.3,24.3454
4.6,1,438,6,0.35385
5,1,438,3,0.90013
5.6,1,438,60.2,0.90621
5.1,1,438,26.8,0.49674
5,2,438,7.8,3.6864
6.6,3,438,54.2,7.7251
5.5,3,438,40.3,0.65208
5.5,3,438,37.7,0.94244
5.7,3,438,42,0.59262
5,1,438,14.9,3.7602
6.4,1,438,31.4,28.4027
5.8,3,333,99.51,0.033397
4.8,1,333,187.85,0.001344
5.4,2,333,152.21,0.004842
4.9,2,333,154.07,0.000517
5.3,2,333,157.81,0.000991
5,1,333,45.17,0.07048
5.4,3,333,108.81,0.008453
6,1,333,109.56,0.2106
5.3,1,333,139.07,0.014373
5.1,1,333,105.31,0.011316
5.2,1,333,203,0.002104
5.3,1,333,200.56,0.002282
6.5,1,333,117.83,0.5696
5.1,1,333,131.95,0.004975
5.4,2,225,150.57,0.00474
4.9,2,225,152.43,0.000727
5.3,2,225,156.17,0.001198
5,1,225,45.54,0.15774
5.4,3,225,108.96,0.016677
6,1,225,110.02,0.32573
6.5,1,225,117.54,1.0597
5.1,1,225,131.5,0.01001
5.5,3,471,39.5,0.52954
5.5,3,471,37,0.81425
5,1,471,14.2,1.2587
6.4,1,471,31.7,13.7081
5.1,2,389,261.65,0.000188
5,3,389,268.02,0.000023
6.1,3,389,180.33,0.047869
5.5,1,389,192.34,0.004367
5.4,2,389,203.61,0.001382
5.1,2,389,168.01,0.004757
6,2,393,24.1,3.8354
4.5,2,393,71.7,0.005411
5.2,1,338,284.07,0.000013
5,3,338,215.34,0.000013
6.1,3,338,129.07,0.050868
5.5,1,338,140.87,0.007314
5.4,2,338,151.35,0.001661
5.5,3,362,158.04,0.002761
5.1,1,362,70.8,0.014505
5.4,2,362,85.44,0.009265
5.3,2,362,89.76,0.002495
5,1,362,86.33,0.008263
6.1,1,362,113.52,0.12185
5.4,3,362,119.54,0.006067
6,1,362,120.09,0.097847
5.3,1,362,88.4,0.023375
5.1,1,362,127.17,0.00441
5.3,2,362,144.61,0.001539
5.2,1,362,145.83,0.001218
5.3,1,362,143.27,0.001325
6.5,1,362,109.72,0.36124
5.1,1,362,112.79,0.006786
5,1,362,120.87,0.003921
5,1,362,117.84,0.002199
5.1,2,478,273.31,0.00013
5,3,478,255.32,0.000027
6.1,3,478,168.06,0.060958
5.5,1,478,180,0.008353
5.4,2,478,191.03,0.002458
5.1,2,478,170.69,0.010421
6.1,2,408,280.86,0.000361
5.2,1,408,268.25,0.000021
5,3,408,199.45,0.000023
6.1,3,408,112.44,0.094058
5.5,1,408,124.48,0.014022
5.4,2,408,135.24,0.002755
5,3,461,230.09,0.000006
6.1,3,461,144.56,0.012785
5.5,1,461,156.12,0.001846
5.4,2,461,166.35,0.000516
5.1,2,461,177.01,0.001574
4.4,2,430,62.2,0.06399
6.4,1,430,183.4,0.12143
5.4,1,422,20.4,0.86798
4.9,2,408,20.1,1.488
4.4,2,408,20.5,0.13014
4.4,2,431,4.7,0.103
4.4,2,431,22.1,0.16164
5.4,1,359,20.3,1.7885
5.2,2,428,89.83,0.003915
5.4,2,428,281.7,0.000088
6.2,1,428,64.13,0.40394
6.1,3,428,179.82,0.041966
5.5,1,428,191.82,0.004179
5.4,2,428,203.08,0.00122
5.1,2,401,262.26,0.000188
5,3,401,267.45,0.000027
6.1,3,401,179.73,0.051165
5.5,1,401,191.75,0.00504
5.4,2,401,203.03,0.001524
5.1,2,407,283.41,0.000077
5,3,407,247.77,0.000029
6.1,3,407,159.23,0.055563
5.5,1,407,171.58,0.006451
5.4,2,407,183.22,0.00186
5.3,2,446,185.77,0.000237
5.2,2,446,89.61,0.064956
5.4,2,446,91.43,0.24122
5.4,3,446,67.37,0.078491
5.3,3,446,68.03,0.0321
4.8,1,446,180.34,0.000347
6.1,2,446,115.48,0.012047
5.3,3,446,135.86,0.001675
6.1,3,446,189.58,0.027363
5.5,1,446,203.57,0.000886
5.4,2,446,203.65,0.001155
4.4,3,513,55.4,0.43344
5.8,3,415,293.51,0.000356
5.4,3,415,68.04,0.083903
5.3,3,415,68.67,0.032578
4.8,1,415,180.99,0.000711
6.3,3,415,105.26,0.049297
6.1,2,415,115.06,0.026627
6.1,3,415,188.52,0.061045
5.5,1,415,202.53,0.002086
5.4,2,415,202.63,0.002721
4.9,2,293,19.1,0.67818
5.8,1,529,241.08,0.000128
5.2,2,529,83.2,0.000486
5.3,1,529,244.51,0.00002
5.3,2,529,221.37,0.000017
5.2,1,529,221.74,0.000014
5.3,1,529,222.23,0.00001
5.4,3,447,212.74,0.003573
5.3,3,447,213.12,0.001106
6.1,2,447,217.09,0.006879
5.2,1,447,254.8,0.000139
5,3,447,212.51,0.000246
5.1,2,447,283.02,0.000264
5.3,3,447,240.53,0.000396
6.1,3,447,165.26,0.14511
5.5,1,447,179.03,0.006888
5.4,2,447,189.92,0.008644
5.4,2,553,132.92,0.040137
5.4,3,553,46.81,1.6252
5.3,3,553,46.93,0.7347
4.8,1,553,171.73,0.014442
5.1,1,197,125.42,0.031416
5.3,2,197,219.39,0.006234
5,1,197,138.77,0.10433
5.8,1,197,177.39,0.48609
5.2,2,197,277.32,0.003171
5.1,2,197,252.3,0.003148
6,2,458,5.8,13.5661
4.6,2,458,17.5,0.023949
5.9,2,446,271.38,0.002268
5.1,1,446,239.26,0.000099
5.2,2,446,276.65,0.000051
5,1,446,251.14,0.000464
5.8,1,446,57.62,0.27235
5.3,2,446,272.88,0.000008
5.2,2,446,219.47,0.000055
5.2,1,446,216.11,0.000057
5.1,2,446,46.72,0.011782
5.3,1,446,219.84,0.000141
5.4,2,508,196.73,0.000168
4.9,2,508,195.08,0.000023
6,1,508,235.44,0.000785
5.2,2,508,160.27,0.000071
5.3,1,508,150.95,0.000577
5.1,1,508,259.89,0.000063
5.3,2,508,237.24,0.000162
5.2,1,508,237.99,0.000078
5.3,1,508,237.2,0.000031
6.5,1,508,194.73,0.005548
5.1,1,508,195.46,0.000193
5.2,1,527,54.4,1.8711
4.6,2,527,7.8,0.64265
4.6,2,527,8.6,0.41519
5.1,2,527,23.3,1.8588
5.4,2,231,135.5,0.014403
5.2,2,231,130.82,0.029306
5.4,2,231,129.61,0.030828
6.2,1,231,282.76,0.031224
5.4,3,231,186.62,0.020217
5.3,3,231,184.66,0.009132
6.1,2,231,112.11,0.085341
5.2,1,231,120.79,0.007954
5,3,231,65.02,0.078577
5.3,3,231,134.99,0.00507
6.1,3,231,40.61,10.9772
5.5,1,231,54.26,0.52756
5.4,2,231,55.03,1.1072
5.2,2,492,281.44,0.000053
5.4,2,492,81.68,0.038238
5.2,2,492,114.53,0.044234
5.4,2,492,115.68,0.11343
5.4,3,492,67.08,0.3609
5,3,492,138.89,0.000663
5.3,3,492,88.43,0.038133
6.1,3,492,160.45,0.11947
5.5,1,492,173.31,0.00286
5.4,2,492,170.12,0.006999
5.8,1,464,162.45,0.009716
4.8,1,464,297.58,0.00001
5.4,2,464,97.72,0.002274
5.3,2,464,95.67,0.001631
5,1,464,277.61,0.000003
5.2,2,464,90.99,0.004285
5.3,1,464,223.5,0.000301
5.3,2,464,56.94,0.006576
5.2,1,464,57.71,0.004979
5.1,2,464,217.68,0.000034
5.3,1,464,59.52,0.009156
6.5,1,464,277.72,0.001195
5.1,1,464,276.75,0.000014
4.5,1,464,7.2,0.82058
5,2,464,22,11.3068
5.3,1,464,221.24,0.000082
5.3,2,464,144.03,0.000174
5.8,1,464,115.05,0.056452
5.4,2,464,160.23,0.001539
4.9,2,464,164.48,0.00005
5.3,2,464,157.27,0.000766
5.2,2,464,147.45,0.002205
4.5,1,378,45.9,0.3607
5.2,1,378,44.9,0.053152
5.2,2,378,120.5,0.00224
5.4,2,378,148.5,0.003376
4.9,1,378,30.5,0.022448
4.6,2,378,18.9,0.009248
4.7,1,378,18.5,0.03039
4.5,2,378,21.6,0.00691
4.4,2,378,23.4,0.024926
5.5,1,378,52.7,0.24491
4.3,1,378,55.5,0.001424
4.3,2,378,52.2,0.003403
4.5,1,378,51.2,0.005202
4.8,1,378,52.8,0.009307
4.3,1,378,55.4,0.003567
4.6,1,378,298.4,0.001809
4.3,1,378,56.2,0.003648
4.5,1,378,51.6,0.002997
4.6,2,378,20,0.058417
5.7,1,378,49.5,0.32432
4.9,1,378,56.6,0.00223
4.3,1,378,45.2,0.004365
5,1,378,48.3,0.009768
4.2,3,378,54.4,0.005051
5.2,2,378,135.7,0.00296
5.1,1,378,156.7,0.002403
5.8,3,315,183.43,0.00369
5.4,2,315,180.91,0.002326
5.3,2,315,183.87,0.000562
5,1,315,53.66,0.045703
6.1,1,315,17.98,1.6957
5.4,3,315,19.65,2.1402
6,1,315,21.93,22.5236
5.3,1,315,81.82,0.098846
5.1,1,315,30,5.8381
5.3,2,315,242.86,0.000916
5.2,1,315,244,0.000598
5.1,1,529,188.73,0.00021
5.2,2,529,125.96,0.000427
5.3,2,529,127.65,0.000175
5,1,529,203.97,0.000686
5.8,1,529,86.93,0.045715
6.9,1,529,16.08,11.8063
5.2,2,529,185.01,0.000046
5.2,1,529,269.71,0.000006
5.1,2,529,182.91,0.000167
5.3,1,529,272.7,0.000005
5.8,1,242,293.33,0.002343
5.3,2,242,85.18,0.006972
5,1,242,191.81,0.000403
6.1,1,242,173.22,0.11955
5.4,3,242,188.67,0.005549
6,1,242,285.17,0.056082
6.9,1,242,285.17,0.12051
5.2,2,242,130.35,0.003722
5.3,1,242,93.28,0.15043
5.1,1,242,203.52,0.002114
5.3,1,242,134.12,0.001649
6.5,1,242,150.2,0.39947
5.1,1,242,150.48,0.007061
5,1,242,170.34,0.001551
6,2,451,14.8,3.665
6,2,412,2.4,64.7689
4.7,2,412,8.9,0.20013
4.6,2,412,13.7,0.097584
5.1,1,219,170.91,0.005157
5.2,2,219,166.38,0.002416
5.3,2,219,166.72,0.001125
5,1,219,185.51,0.016598
5.8,1,219,148.39,0.18814
5.2,2,219,224.37,0.0011
5.1,2,219,238.21,0.000488
4.2,2,361,86.6,0.000458
4.3,2,506,13.7,0.031382
4.4,2,506,43.5,4.8256
4.3,2,506,11.2,0.50439
4.4,2,506,17.6,0.085087
4.8,1,506,126.9,0.0006
4.1,1,506,44.2,0.249
5.3,2,506,86.7,0.016931
4.5,2,506,85.8,0.002169
4.8,2,506,86.6,0.004554
5.2,2,388,87.29,0.003516
5.3,1,388,245.67,0.000151
5.2,1,388,225.5,0.000091
4.9,2,497,11.9,0.13606
4.9,2,335,9.5,0.19111
4.9,2,496,21.6,0.23746
4.4,2,496,16.7,0.74814
5.2,2,364,158.42,0.005049
5.2,2,364,49.88,0.13261
5.4,2,364,46.07,0.13239
5.4,3,364,212.35,0.006948
4.8,1,364,214.63,0.00062
6.3,3,364,216.45,0.02004
6.1,2,364,216.4,0.008932
6.1,3,364,164.47,0.2355
5.5,1,364,178.26,0.012565
5.4,2,364,189.14,0.013994
5,1,529,280.03,0.000333
5.8,1,529,143.89,0.092489
5.2,2,529,129.79,0.003169
5.2,1,529,250.88,0.000042
5.1,2,529,247.35,0.000157
5.3,1,529,252.53,0.000054
5.3,1,368,137.58,0.009144
5.2,2,368,87.42,0.11831
5.3,2,368,86.5,0.064099
5,1,368,268.43,0.001954
5.8,1,368,142.02,0.1272
6.9,1,368,72.67,6.1469
5.2,2,368,141.29,0.004736
5.1,2,368,244.73,0.000232
5.3,1,368,261.54,0.000345
6,2,341,32,1.9932
5.4,2,424,63.17,0.082891
4.9,2,424,69.25,0.004509
5.3,2,424,63.27,0.030796
5,1,424,210.64,0.000113
6,1,424,253.68,0.007582
5.2,2,424,177.88,0.000624
5.3,1,424,200.1,0.001924
5.1,1,424,259.65,0.000195
5.3,2,424,36.95,0.12446
5.2,1,424,36.87,0.13776
5.1,2,424,260.9,0.000077
5.3,1,424,34.07,0.29843
6.5,1,424,240.73,0.024642
5.1,1,424,241.16,0.000221
6,2,712,31.7,5.0787
6.4,1,712,151.7,0.25278
4.9,2,318,17.9,0.19013
4.9,2,475,22.9,0.092307
5.2,2,529,202.29,0.000087
5.2,2,529,163.72,0.000489
5.4,2,529,160.73,0.000529
5.8,1,529,236.27,0.000475
4.8,1,529,221.4,0.000066
5.3,2,529,192.13,0.000271
5.2,1,529,192.16,0.000846
5.1,2,529,177.01,0.000087
5.5,1,529,295.65,0.000032
5.3,1,529,193.57,0.001133
5.2,2,377,252.91,0.001289
5.3,2,377,252.68,0.000682
5,1,377,163.82,0.012922
5.8,1,377,231.8,0.021117
6.9,1,377,149.65,1.7249
5.1,1,279,188.55,0.000246
5.2,2,279,204.47,0.000632
5.3,2,279,201.83,0.000331
5.4,2,279,121.56,0.007622
5.3,2,279,121.69,0.001537
5,1,279,201.39,0.000112
6.1,1,279,168.04,0.057996
5.4,3,279,185.52,0.001736
6,1,279,179.45,0.014162
5.2,2,279,146.07,0.001136
5.3,1,279,87.28,0.044526
5.1,1,279,201.54,0.000787
5.3,2,279,171.81,0.010776
5.2,1,279,172.67,0.00301
5.3,1,279,171.12,0.000735
6.5,1,279,141.26,0.10636
5.1,1,279,141.82,0.004417
5,1,279,163.74,0.000479
5.8,3,430,104.88,0.001571
4.8,1,430,124.58,0.001123
5.4,2,430,129.32,0.00076
4.9,2,430,132.94,0.000085
5.3,2,430,134.47,0.000182
5,1,430,126.54,0.000147
6,1,430,190.51,0.006989
5.2,2,430,283.13,0.000014
5.3,1,430,188.12,0.000526
5.1,1,430,186.27,0.000165
5.3,2,430,154.98,0.000465
5.2,1,430,156.49,0.0004
5.3,1,430,153.35,0.000508
6.5,1,430,189.95,0.017141
5.1,1,430,200.67,0.000097
4.4,2,374,41.8,0.014707
4.3,2,374,9.6,1.6691
4.4,2,374,20,0.12836
4.2,2,374,87,0.000976
6,1,390,116.43,0.20148
6,1,320,118.17,0.21853
6,1,419,116.6,0.27699
6,1,211,114.55,0.57361
6,1,571,116.46,0.13693
6,1,535,118.08,0.059364
6,1,206,115.51,0.51648
6,1,350,116.7,0.45687
4.5,1,244,26.9,0.89488
4.4,1,244,28.3,0.49587
4.1,1,244,98.2,0.005384
4.3,1,244,43.4,0.046726
6.2,1,244,123.2,1.4446
5.1,3,244,128,0.047594
4.1,3,244,48.3,0.020418
4.2,3,244,55.2,0.017959
5,1,244,78.2,0.0126
4.5,3,244,40.7,0.006592
5.7,3,244,94,0.33263
4.1,1,244,79.9,0.002437
4.7,1,244,72.5,0.00601
4.2,1,244,47.7,0.044638
4.4,1,244,59.8,0.004097
4.9,2,244,82.5,0.003572
5.6,3,244,38.8,2.0435
5.1,3,244,27.1,0.54645
4.7,3,244,43.1,0.02589
4.8,3,244,43.8,0.068211
4.8,3,244,34.5,0.021585
4.2,3,244,50.7,0.016734
4.9,3,244,36,0.19056
5.5,3,244,30.6,3.7944
4.5,3,244,39,0.01787
4.5,3,244,34.1,0.085013
5.5,3,244,34.2,1.6182
4.2,3,244,40,0.030885
5.5,3,244,28.8,3.0862
5.7,3,244,26.9,3.216
5.2,3,244,49.5,0.34909
4,3,244,42.6,0.008081
5.1,3,244,35.6,0.49926
4.7,1,244,41.5,0.12294
5.4,3,244,34.7,0.51143
4.3,3,244,54.2,0.020877
4.1,3,244,35.4,0.027101
4.5,3,244,52.1,0.003656
4.2,3,244,37.9,0.004707
3.9,3,244,22.9,0.021173
4.1,2,244,55.2,0.005
4.2,3,244,39.9,0.03928
4.3,1,244,91.5,0.006771
5.7,1,244,93.3,0.23524
5,2,244,79.7,0.034406
4.5,1,244,83.5,0.006613
5.2,2,244,79.7,0.023406
4.7,3,244,32,0.47422
4.4,1,244,85.9,0.004703
5,1,244,17.4,1.3123
6.8,3,244,105.4,0.4344
6.5,0,244,164.8,0.22489
6.2,1,244,173.2,0.049794
4.9,1,244,25.4,0.79468
4.5,1,244,35.1,0.004681
4.1,1,244,30.8,0.010297
4.5,1,244,16.1,0.278
4.8,3,244,57.8,0.010798
5.1,2,244,150.3,0.007727
4.2,1,244,32.9,0.02927
5.3,2,381,51.8,2.3992
5.6,3,381,33.4,1.5923
5,1,381,24.1,2.5318
4.5,1,381,13.8,0.61571
5.4,1,381,28.3,6.2088
4.8,1,381,27.7,1.685
4.5,1,381,19.8,1.6586
4.9,1,381,14.5,1.951
5.1,1,381,13.9,7.5851
5.2,1,381,15,6.0261
4.8,1,381,21.5,0.31681
4.2,1,332,16.8,1.2105
6.4,1,332,100.7,14.6478
4.4,3,332,33.2,0.55766
5,3,332,140.6,0.006628
5.8,3,332,223.52,0.006441
5.4,2,332,178.16,0.017854
4.9,2,332,175.48,0.00334
5.3,2,332,179.89,0.00423
5,1,332,93.02,0.018707
5.4,3,332,45.02,0.75439
6,1,332,36.87,6.2838
5.2,2,332,281.1,0.001148
5.3,1,332,52,0.49585
5.1,1,332,61.71,0.26246
5.3,2,332,241.67,0.006966
5.2,1,332,242.62,0.003621
5.3,1,332,240.13,0.002509
6.5,1,332,1.58,195.4989
5.1,1,332,3.58,4.2917
5.2,2,584,32,0.26954
6.5,2,584,48.1,1.8908
5.2,2,446,150.35,0.000793
5.3,2,446,145.79,0.000901
5.8,1,446,285.28,0.000935
6.9,1,446,248.52,0.080213
5.2,2,446,108.84,0.001063
5.3,1,446,199.72,0.002296
5.3,2,446,222.09,0.000564
5.2,1,446,222.66,0.000378
6.5,1,446,251.33,0.0164
5.1,1,446,251.16,0.00042
5,1,446,273.79,0.000034
5.1,1,553,38,0.0799
5,3,553,66.76,0.011581
5.8,3,553,146.31,0.004103
4.8,1,553,256.65,0.000084
5.4,2,553,194.57,0.000371
5.3,3,872,19.5,2.1944
5.3,1,872,25,2.3137
5.6,2,237,7.3,0.87506
5.4,2,363,75.36,0.026345
4.9,2,363,77.29,0.002261
5.3,2,363,74.92,0.008797
6,1,363,249.27,0.001701
5.2,2,363,74.32,0.007908
5.3,1,363,162.45,0.007286
5.1,1,363,264.84,0.000096
5.3,2,363,86.64,0.027729
5.2,1,363,87.24,0.027732
5.1,2,363,287.74,0.000026
5.3,1,363,87.05,0.01674
6.5,1,363,219.24,0.008794
5.1,1,363,218.67,0.000172
5.8,1,359,221.43,0.003351
5.4,2,359,75.91,0.021698
4.9,2,359,77.68,0.001475
5.3,2,359,75.39,0.005355
6,1,359,248.51,0.001499
5.2,2,359,74.35,0.007566
5.3,1,359,161.46,0.008195
5.1,1,359,264.18,0.000071
5.3,2,359,88.02,0.01207
5.2,1,359,88.63,0.014415
5.1,2,359,289.17,0.000022
5.3,1,359,88.42,0.007357
6.5,1,359,218.32,0.009416
5.1,1,359,217.76,0.000177
5.3,1,510,222.32,0.000547
5.8,1,510,148.89,0.039615
4.9,2,1183,182.29,0.000042
5.3,2,1183,186.78,0.000056
5,1,1183,72.41,0.000976
6.1,1,1183,5.27,8.679
5.4,3,1183,21.32,0.50282
6,1,1183,15.21,2.9606
5.2,2,1183,298.11,0.000022
5.3,1,1183,71.65,0.006497
5.1,1,1183,37.74,0.11386
5.3,2,1183,247.28,0.00012
5.2,1,1183,248.34,0.000062
5.3,1,1183,245.8,0.000045
4.3,2,210,10.1,1.2345
4.4,2,210,20.8,0.18302
4.8,1,210,130.2,0.005154
5.3,2,210,83.4,0.061603
4.5,2,210,82.5,0.006932
4.8,2,210,83.3,0.014348
4.4,2,389,39.4,0.019452
4.3,2,389,11.1,0.81803
4.8,1,389,130.6,0.007522
4.1,1,389,40.8,0.010448
5.3,2,389,128,0.007551
4.2,2,389,88.6,0.002924
4.2,2,389,89.6,0.001384
5.3,2,389,83.2,0.11948
4.8,2,389,83,0.027112
4.3,2,230,11.6,0.66342
4.4,2,230,21.4,0.25155
5.1,1,230,143.6,0.006449
4.8,1,230,130.9,0.004759
4.1,1,230,40,0.011985
4.2,2,230,89.1,0.002115
5.1,1,396,239.94,0.000109
5,1,396,254.39,0.000456
5.8,1,396,171.79,0.013724
5.2,2,396,180.41,0.000594
5.1,2,396,272.55,0.00007
5.3,1,308,135.78,0.007929
5,1,366,247.89,0.000334
5.8,1,366,153.07,0.010714
6.9,1,366,83.35,1.2938
5.2,2,366,171.3,0.000545
5.2,1,366,288.84,0.00001
5.3,1,366,290.6,0.000009
4.6,2,285,15,0.07621
5.2,2,285,15.4,4.5672
4.1,2,285,24,0.36867
4.1,2,285,11,0.573
4.5,2,285,12,0.51117
6.4,1,285,90.8,5.3844
5.2,2,529,199.54,0.000174
5.4,2,529,198.85,0.000256
5.8,3,529,176.01,0.001151
5.4,3,529,282.94,0.000186
4.8,1,529,101.78,0.006051
4.9,1,529,151.932021,0.000471
5.4,2,529,158.43,0.000717
5.3,2,529,160.26,0.000172
6.1,1,529,284.17,0.001962
5.4,3,529,284.66,0.000079
5.3,1,529,267.54,0.000189
5.3,2,529,142.38,0.001432
5.2,1,529,142.3,0.00119
5.3,1,529,140.51,0.002209
5.4,2,243,62.3,0.33778
6.2,1,243,70.6,1.4934
5.3,1,243,29.8,0.89968
6,3,243,12.9,30.879
4.7,3,243,5.2,0.60473
4.7,3,243,11.3,1.0649
4.6,3,243,11.9,0.31773
4.7,3,243,5.3,0.94224
6.6,3,243,30.4,24.2612
6,1,243,51.5,2.4595
5.6,1,243,15.8,6.5665
6.2,1,243,120.2,2.8027
5.6,3,243,14.4,7.4761
5.1,3,243,6,2.7494
4.8,3,243,22.4,0.33306
4.8,3,243,12.8,0.78669
4.9,3,243,20,0.84859
5.5,3,243,15.4,11.8888
4.5,3,243,18.7,1.359
5.5,3,243,15.2,26.6074
4.2,3,243,18.8,0.40498
5.5,3,243,16,10.0951
5.7,3,243,8,14.3017
5.2,3,243,25.3,2.2066
4.6,3,243,14.6,0.41343
5.1,3,243,21,0.51599
5.4,3,243,12.6,15.9128
6.4,1,352,51.9,5.3128
4.5,1,352,62.6,0.004663
4.1,1,352,58.3,0.001768
5.1,1,352,71.4,0.057907
4.5,1,352,41,0.009571
4.2,3,352,80.7,0.002189
4.8,3,352,37.6,0.026853
4.8,1,352,233.69,0.000453
5.4,2,352,181.36,0.002573
4.9,2,352,181.72,0.00039
5,1,352,5.92,1.3144
6.1,1,352,62.23,5.9592
5.4,3,352,62.83,0.2773
6,1,352,60.17,4.025
5.3,1,352,124,0.048565
5.1,1,352,56.48,0.30259
5.2,1,352,238.95,0.001241
5.3,1,352,236.41,0.001085
6.5,1,352,80.49,4.9007
5.1,1,352,97.71,0.014346
5,0,340,42,1.8086
4.6,3,340,35.5,0.058582
6.4,1,353,52,7.0508
4.8,1,495,161.39,0.001997
4.9,1,495,76.511189,0.023893
5,1,495,70.48,0.00822
6.1,1,495,134.19,0.08626
5.4,3,495,134.65,0.003269
6,1,495,133.7,0.073623
5.3,2,495,199.69,0.000868
5.2,1,495,201.17,0.001048
5.3,1,495,198.86,0.000947
6.5,1,495,144.33,0.19791
5.1,1,495,158.49,0.001139
5,1,495,151.43,0.001731
5.4,2,877,135.82,0.000718
5.2,2,877,145.05,0.001747
5.4,2,877,143.84,0.001799
6.2,1,877,278.76,0.002361
5.4,3,877,194.65,0.00077
5.3,3,877,192.53,0.000362
6.1,2,877,112.59,0.004811
5,3,877,53.45,0.002261
5.3,3,877,134.34,0.00024
6.1,3,877,33.16,2.4927
5.5,1,877,44.98,0.11346
5.4,2,877,42.73,0.18411
4.4,1,337,108.928026,0.41588
4.8,3,382,92.609371,0.64247
4.8,2,553,119.45717,1.3599
3.9,3,626,79.065933,0.35072
4.3,2,221,82.083077,0.000331
4.7,2,278,99.186411,0.051134
5.4,0,476,167.617822,0.59738
5.2,1,291,132.919776,0.1078
5.8,3,150,110.720007,0.52202
4.8,3,438,96.505626,0.47654
5.3,2,527,134.217927,1.5691
4.4,2,378,95.865199,0.00021
4.4,1,244,102.079409,1.0557
5,3,243,89.176065,1.4831
4.5,3,340,80.330325,0.12398
5.2,2,442,91,2.203069
6.4,1,407,53.3,10.430792
6.4,1,393,41.1,10.885531
4.9,2,484,23,2.954608
4.6,2,484,27.3,1.348879
4.5,2,484,18.4,1.166761
4.4,2,484,24.8,0.46179
4.7,1,484,30.2,2.745731
4.9,2,484,12,3.330516
4.3,2,484,17.2,0.235247
4.6,1,484,20.7,2.584117
4.5,1,484,21.5,2.070518
5.3,1,500,49.5,4.960525
4.5,1,382,1.5,3.029555
4.6,1,626,27.1,1.981772
6.2,1,626,71.6,8.241233
5.1,3,626,79.7,0.596169
5.4,3,626,64.5,2.574388
5,3,626,18.2,2.211572
5.7,3,626,72.5,3.759784
4.3,2,626,21.8,-0.305586
4.5,1,626,25.4,1.553606
4.9,2,626,11.7,2.957132
4.5,1,626,17.7,1.816741
5.6,3,626,61.2,3.659682
5.1,3,626,60.3,1.259133
4,2,626,22.1,-1.774621
5.1,1,626,25.4,4.471172
4.2,3,626,25.3,-1.921148
5.4,3,506,277.78,-4.389918
6.4,1,464,117.9,8.069195
4.5,2,464,16,1.302811
4.8,2,392,44.1,1.995841
4.5,2,392,17.7,1.439236
4.9,1,392,109.5,1.256855
4.6,1,392,48.1,1.896319
5.1,2,529,35.1,3.392058
4.3,2,242,10.6,1.114594
4.5,2,412,6.2,1.778197
4.6,1,772,36.4,1.269517
5.1,1,347,70.3,3.690549
5.2,2,347,38.9,4.240162
5.1,2,347,54.2,3.231047
4.9,3,445,106.2,-0.792949
4.8,3,445,103.8,-1.197194
4.9,3,445,120.2,-1.271376
4.6,3,445,88.6,-1.65028
4.9,3,445,103.1,-0.687011
4.4,3,445,94.7,-2.83126
4.6,3,445,108.3,-2.323496
4.7,3,445,106.1,-1.762054
4.7,3,445,90.4,-1.225531
5,3,445,104.5,-0.248593
4.7,3,445,92.8,-1.307547
4.9,3,445,101.6,-0.635751
4.7,3,445,129,-2.544625
5.1,2,445,190.3,-1.684717
4.2,2,445,8.5,0.15166
4.2,1,445,119.3,-2.625061
6.4,1,525,117.2,7.928315
6.2,1,421,79,8.54219
4.9,3,421,118.5,-1.148442
4.8,3,421,115.8,-1.542435
4.7,1,421,113,0.086377
4.7,3,421,110.7,-1.854411
4.4,1,421,105.1,-1.102436
4.5,3,421,112.2,-2.878194
4.6,3,421,83,-1.394069
4.7,3,421,96.1,-1.35548
4.6,3,421,95.2,-1.810985
4.9,2,278,19.3,3.637592
5.5,2,278,24.7,6.370622
6.8,3,278,61.7,10.417907
6.5,0,278,70.1,11.701148
6.2,1,278,80.3,8.884102
4.2,2,278,8.5,0.602837
5.4,2,571,11.58,5.54113
5.4,2,514,11.25,5.706402
4.4,2,404,62.7,-0.617249
5.2,2,421,25.4,4.50158
5.1,2,421,20.6,4.179351
5.4,2,421,21.5,5.607379
4.8,2,421,17.4,2.829923
5.3,2,421,187.48,-0.550985
5.4,2,421,191.78,-0.21167
6,1,421,248.52,1.776591
5.2,2,421,141.89,0.520719
5.3,1,421,160.93,1.366012
5.1,1,421,272.36,-3.414453
5.2,1,421,228.35,-1.42422
6.5,1,421,208.02,5.59192
5.1,1,421,208.53,-1.233164
4.7,1,476,85.6,0.874137
4.9,3,476,86.4,-0.200067
4.7,3,476,83.4,-1.070069
4.4,1,476,77.4,-0.304424
4.5,3,476,86.1,-2.134859
4.6,3,476,55.2,-0.592639
4.7,3,476,67.9,-0.540381
4.6,3,476,67.2,-1.00272
4.9,3,476,77.7,0.097242
4.8,3,476,74.5,-0.279664
4.9,3,476,92.8,-0.418776
4.6,3,476,59,-0.722498
6.4,2,542,74.3,8.338733
4.6,0,542,23.9,3.32776
5.5,1,291,20.2,7.498975
4.7,1,249,11.1,4.033333
4.8,3,249,10.5,2.520711
4.4,1,249,17.1,2.36951
4.1,1,249,23.6,0.688599
6.2,1,249,69.3,9.338358
5.4,3,249,62.6,3.657843
4.6,1,249,41.1,2.52187
4.4,1,249,34,1.791979
5,3,249,14,3.373626
4.4,1,249,26.8,2.038028
5.7,3,249,73.8,4.733884
5.1,3,249,79.2,1.631781
4,2,249,20.1,-0.687749
5.1,1,249,22.8,5.578549
5.4,1,362,57.4,5.549645
6.2,1,362,50.1,9.6892
4.5,3,362,65.3,-1.116063
4.5,3,362,76.1,-1.485136
4.6,3,362,67.4,-0.701566
4.4,3,362,58.9,-1.383614
5.4,3,362,97,2.17699
4.9,3,362,87.1,0.084001
4.5,3,362,84,-1.755106
4.9,3,362,97.5,-0.271402
4.7,1,362,87.4,1.120615
4.9,3,362,89.5,0.001985
4.7,3,362,85.9,-0.847513
4.4,1,362,78.4,-0.030608
4.6,3,362,46.2,0.02291
4.7,3,362,67.2,-0.20847
4.6,3,362,67.9,-0.718653
4.9,3,362,80.2,0.319798
4.9,3,362,96.9,-0.250898
4.4,2,464,118.1,-2.672556
4.5,2,464,186.3,-4.516921
4.9,2,464,143.7,-1.116089
4.8,2,464,64.2,1.114436
4.8,2,464,62.9,1.158861
5.2,2,464,90.6,2.157302
4.7,2,464,93.3,-0.366272
4.5,2,464,46.6,0.257104
4.9,2,197,35.4,3.306234
4.8,3,197,68.8,0.668887
4.3,1,197,19.9,1.928049
6.2,1,197,125.1,7.571968
4.1,1,197,27.3,0.702644
4.2,1,197,13.7,1.653663
4.6,1,197,21.2,3.342407
4.5,1,197,23.8,2.767295
6.2,1,115,16.9,11.491067
5.4,3,115,18.6,5.523496
4.4,2,543,40.1,-0.220461
3.8,2,507,17.9,-2.282118
5.6,1,471,28.8,7.205046
5.6,3,471,51.8,4.39967
6.4,1,393,111,8.49681
4.5,2,393,32.6,0.92735
4.9,1,393,87.7,1.999133
4.6,1,393,29.5,2.529243
4.5,2,430,13.9,1.466431
4.6,1,430,46.9,1.834664
4.6,2,454,48.9,0.691783
4.4,2,422,9.8,1.141895
4.4,2,361,43.4,0.158469
4.4,2,361,17.9,1.029891
5.1,1,361,141.6,1.216162
4.4,2,361,82.2,-1.167459
4.2,1,361,123.7,-2.548484
4.8,1,361,127.2,0.249476
4.2,1,361,224.1,-5.979495
4.2,2,965,101.7,-4.438166
6.4,1,712,109.2,7.696492
4.8,2,712,20.9,1.924133
4.5,2,712,33.9,0.021095
3.8,2,712,29.6,-3.235787
4.5,2,712,29.1,0.185127
4.1,1,475,15.3,0.361663
5.3,2,374,84.2,3.105423
4.5,2,374,83.4,-0.757328
4.8,2,374,84.2,0.674117
6.1,1,390,110.12,7.076204
6.1,1,320,111.94,7.203124
6.1,1,419,110.48,6.985553
6.1,1,211,108.72,7.607644
6.1,1,571,110.62,6.570117
6.1,1,535,112.28,6.610649
6.1,1,206,109.4,7.597914
6.1,1,350,110.71,7.164108
6.4,1,199,15.2,12.294744
6.4,1,347,15.1,11.898316
6.4,1,244,23.8,11.879278
5.5,3,244,70.1,3.901312
4.1,1,244,37.9,0.213428
4.2,2,244,80.5,-1.765792
5.8,3,244,76.4,5.144803
4.5,1,285,60.5,1.275385
4.1,2,285,15.1,-0.12788
4.4,2,285,10.1,1.50177
5.1,2,285,70.1,2.855193
5.5,3,352,15.4,5.478818
4.2,3,352,24.1,-1.139885
5,2,352,100.8,1.138797
4.5,1,352,104.6,-0.412674
4.7,3,352,26.1,1.223074
5.1,3,352,19.8,3.383411
6.8,3,352,105.5,8.721188
6.5,0,352,167.4,8.176152
4.3,1,352,71.1,-0.240387
4.4,3,352,116.6,-3.328403
4.6,1,352,96.3,0.357227
3.8,2,352,89.5,-4.310177
4.1,1,352,65.6,-1.024955
4.4,0,352,73.7,1.166717
4.2,2,352,102.1,-2.795717
4.3,3,316,18.7,-0.371828
6.2,1,316,120.1,7.421337
4.1,3,316,22.9,-1.487878
4.2,3,316,30.8,-1.271587
4,3,316,24.7,-2.035652
5.1,3,353,19.7,3.384126
4.9,1,353,5.4,4.919671
5.6,3,374,116.947563,2.435416
5.4,0,445,163.359418,2.714106
4.2,3,421,79.150444,-3.207561
5.4,0,278,151.359941,3.575346
4.7,2,404,108.364788,-0.718987
4.2,3,362,74.911107,-2.90329
4.4,2,464,103.852931,-2.185685
5.3,2,464,130.322071,1.286125
4.3,2,361,93.51104,-2.040257
4.3,3,352,77.133591,-2.465963
