4.8,2,6.152733,2.091864,4.3406576
5.0,2,6.152733,2.740840,2.5863344
5.1,2,6.152733,2.261763,4.4429100
5.4,2,6.152733,2.341806,4.8337390
5.3,2,6.152733,2.809403,2.8673306
4.8,2,6.152733,2.727853,2.2639066
4.8,2,6.152733,2.292535,4.0151390
5.0,2,6.152733,2.850707,2.5721541
4.8,2,5.739793,2.917771,3.0570625
5.0,2,5.739793,0.262364,4.7721243
4.8,2,6.464588,2.406945,4.4205019
5.0,2,6.464588,2.322388,3.2221903
5.1,2,6.040255,2.595255,5.4039378
4.6,2,6.040255,2.906901,2.3987131
4.8,2,6.040255,3.273364,2.1525991
4.3,2,6.040255,2.230014,1.7775422
5.0,2,6.040255,1.902108,4.6138326
4.4,1,5.820083,3.135494,3.4863960
5.4,2,6.059123,3.034953,3.5695045
5.0,2,5.993961,2.753661,5.1404347
5.0,1,5.968708,1.280934,3.8361134
5.6,1,5.968708,4.087656,3.1755925
5.0,1,6.154858,0.955511,3.4931383
5.3,2,5.796058,3.569533,2.8611146
5.1,1,5.673323,5.436295,-1.1747053
5.2,2,5.673323,5.525851,-1.7841485
5.4,2,5.673323,5.519940,-1.8111258
5.2,2,5.673323,5.431974,-1.7552154
5.3,2,5.673323,5.441031,-2.3467982
5.8,3,5.673323,5.466202,-1.1613924
5.8,1,5.673323,5.444925,-0.0248666
4.8,1,5.673323,5.224456,-0.8202990
5.4,2,5.673323,4.688960,1.3723476
5.0,1,5.673323,5.491620,-2.0788017
6.0,1,5.673323,5.606868,-0.3235027
6.9,1,5.673323,5.606868,0.7478721
5.2,2,5.673323,5.327488,-1.0028840
5.3,1,5.673323,5.498520,-0.7845829
5.1,1,5.673323,5.688703,-1.6184282
5.3,2,5.673323,4.196600,1.7449823
5.3,2,5.673323,4.196600,1.6028764
5.1,2,5.673323,5.459458,-2.0734595
5.3,1,5.673323,4.191925,2.0432313
6.5,1,5.673323,5.640488,0.2274542
5.1,1,5.673323,5.645023,-1.9054882
6.4,1,6.091310,5.235910,1.6992603
5.2,2,6.091310,4.510860,1.1777623
5.2,2,6.137727,4.704744,1.3825373
5.4,2,6.137727,4.700753,1.4876770
6.1,2,6.137727,4.494574,0.7852705
5.0,3,6.137727,4.372481,-0.2473082
5.3,3,6.137727,4.734355,-0.9666897
6.1,3,6.137727,4.334149,2.7660046
5.5,1,6.137727,4.497585,1.0590048
5.4,2,6.137727,4.489086,1.1759436
5.3,3,6.297109,5.010502,-0.5783196
4.8,1,6.297109,5.642616,-2.3777290
6.3,3,6.297109,4.560905,0.8832715
6.1,2,6.297109,4.497696,0.3942019
5.0,3,6.297109,4.372103,-0.1757472
5.3,3,6.297109,4.736812,-0.9967690
6.1,3,6.297109,4.330339,2.6705560
5.5,1,6.297109,4.494574,0.9997123
5.4,2,6.297109,4.486387,1.0024317
6.2,1,6.008813,4.412798,3.4078088
5.0,2,6.008813,2.734368,3.9454578
5.2,2,6.008813,2.517696,3.4949306
5.2,2,6.008813,2.687847,3.6214568
6.4,1,6.008813,3.975936,4.3291004
5.2,2,5.942799,5.415345,-1.2575494
5.3,1,5.942799,3.654288,2.7059146
5.1,1,5.942799,4.691073,1.2398514
5.3,2,5.942799,5.145865,0.1086750
5.2,1,5.942799,5.151440,-0.4784068
5.3,1,5.831882,5.136680,-0.8055995
6.5,1,5.831882,4.275415,3.6753382
5.1,1,5.831882,4.286754,1.8888862
5.0,2,5.752573,2.727853,3.9736260
5.2,2,5.752573,2.681022,3.5658640
4.8,2,5.752573,2.815409,4.3376698
6.4,1,5.752573,3.975936,4.3201778
5.2,2,5.866468,4.952724,0.5335065
5.3,2,5.866468,4.948405,0.0084641
5.8,1,5.866468,5.451210,-0.1372297
5.4,2,5.866468,4.150725,2.6754581
5.3,2,5.866468,4.135327,2.2321841
5.0,1,5.866468,5.416856,-1.9820245
6.1,1,5.866468,5.413564,0.2901291
5.4,3,5.866468,5.467934,-1.1744464
6.0,1,5.866468,5.458010,-0.2020183
6.9,1,5.866468,5.445357,1.4321517
5.2,2,5.866468,4.487962,1.0047777
5.3,1,5.866468,5.003812,1.0443321
5.3,2,5.866468,4.431531,1.9911703
5.3,2,5.866468,4.431531,1.9295485
5.3,1,5.866468,4.432957,1.3755367
6.5,1,5.866468,5.323936,0.9134868
5.1,1,5.866468,5.322132,-1.1110594
6.0,1,6.109248,5.469157,-1.0174656
5.2,2,6.135565,5.110662,-0.8825659
5.3,2,6.135565,5.112590,-1.3328294
5.8,1,6.135565,5.429872,-0.0484132
4.8,1,6.135565,5.563179,-3.1382871
5.4,2,6.135565,3.461979,2.3532782
5.3,2,6.135565,3.402863,1.9509261
5.0,1,6.135565,5.356020,-2.9083810
6.1,1,6.135565,5.430792,-1.1702479
5.4,3,6.135565,5.472187,-2.4501459
6.0,1,6.135565,5.486869,-1.2520432
6.9,1,6.135565,5.486869,0.3604677
5.2,2,6.135565,4.808927,-0.5259054
5.3,1,6.135565,5.101755,-0.8776231
5.3,2,6.135565,3.602504,2.3821354
5.3,2,6.135565,3.602504,2.4751088
5.3,1,6.135565,3.584352,1.8531838
6.5,1,6.135565,5.369940,-0.4494954
5.1,1,6.135565,5.369288,-2.7273401
5.0,1,6.135565,5.431230,-3.2832277
5.6,2,5.973810,3.034953,3.9458252
6.4,1,5.973810,3.716008,3.8147629
4.8,1,6.152733,5.342382,-1.4326734
5.4,2,6.152733,4.227563,0.9394993
4.9,2,6.152733,4.250351,-0.2018347
5.3,2,6.152733,4.303389,0.0842492
5.0,1,6.152733,4.650908,-0.1649218
6.0,1,6.152733,4.976527,0.6607273
5.2,2,6.152733,5.396079,-2.4924873
5.3,1,6.152733,4.701389,0.1206234
5.1,1,6.152733,5.014096,-0.9054744
5.3,2,6.152733,4.814702,-0.5501210
5.2,1,6.152733,4.825349,-0.5756842
5.3,1,6.152733,4.804677,-0.3466822
6.5,1,6.152733,4.904904,1.3862694
5.1,1,6.152733,4.926311,-0.4091720
4.6,1,6.182085,3.563883,3.1250485
4.9,2,6.182085,3.135494,5.0903703
5.9,2,6.182085,3.277145,3.5996383
5.6,1,6.182085,3.126761,3.7772794
5.6,2,6.182085,3.144152,4.1068165
4.8,2,6.182085,2.884801,3.7145959
5.0,2,6.182085,3.005683,2.8567001
5.6,2,6.182085,2.975530,3.6155020
4.6,2,6.182085,3.306887,2.3088653
4.5,2,6.182085,2.912351,2.9609855
4.4,2,6.182085,3.210844,3.9008812
4.7,1,6.182085,3.407842,2.2321412
4.9,2,6.182085,2.484907,4.2247732
4.5,2,6.182085,0.336472,3.4898186
4.3,2,6.182085,2.844909,2.0212429
4.6,1,6.182085,3.030134,2.5426251
4.5,1,6.182085,3.068053,2.5460801
6.4,1,6.182085,3.775057,3.7581256
5.5,2,6.182085,2.939162,3.1484963
5.4,2,6.182085,2.913980,2.7915945
5.4,2,6.327937,4.143928,1.1777315
4.9,2,6.327937,4.197352,0.1006595
5.3,2,6.327937,4.239599,0.4607106
5.0,1,6.327937,4.796121,0.0438255
5.4,3,6.327937,5.109152,-0.7178498
6.0,1,6.327937,5.117215,0.6778305
5.2,2,6.327937,5.388249,-2.4071237
5.3,1,6.327937,4.886809,0.1716818
5.1,1,6.327937,5.139908,-0.7032985
5.3,2,6.327937,4.688868,0.2925203
5.2,1,6.327937,4.701752,0.1297994
5.3,1,6.327937,4.679071,0.6426430
6.5,1,6.327937,5.059298,1.5071837
5.1,1,6.327937,5.081529,-0.6464354
5.0,2,6.035481,2.884801,3.0556508
5.2,2,6.035481,1.960095,4.2232800
5.3,1,5.945421,5.513106,-2.4412611
5.2,2,5.945421,4.690889,0.0893836
5.3,2,5.945421,4.708809,-0.8579039
5.8,1,5.945421,5.013232,0.9848088
5.3,2,5.945421,4.676933,0.1194705
6.9,1,5.945421,5.125808,2.0259485
5.2,2,5.945421,4.524611,1.2897835
5.3,2,5.945421,4.173310,0.9420754
5.3,2,5.945421,4.173310,0.8170006
5.1,2,5.945421,5.328701,-1.2838100
5.3,1,5.945421,4.225957,1.1794547
6.5,1,5.945421,5.670088,-0.6943079
5.1,1,5.945421,5.666219,-2.7669566
5.3,1,6.214608,3.901973,-1.1933296
5.2,2,6.214608,5.427414,-0.6012610
5.1,2,6.214608,5.376666,-1.0072554
5.3,1,5.968708,4.069027,1.5831966
5.1,1,5.968708,5.029653,-0.3622189
5.2,2,5.968708,5.142365,-0.3050724
5.3,2,5.968708,5.147785,-0.7040464
5.0,1,5.968708,5.123845,0.3718394
5.8,1,5.968708,4.884618,1.9816633
6.9,1,5.968708,3.935935,3.8167448
5.2,2,5.968708,5.438775,-0.5185386
5.1,2,5.968708,5.380220,-1.0586034
4.7,3,5.945421,3.591818,3.3731065
4.8,2,5.945421,3.994524,3.4403540
5.3,1,5.945421,3.481240,2.8198897
6.0,3,5.945421,3.126761,4.8774086
4.9,1,5.945421,2.459589,3.1503400
5.3,1,5.945421,3.370738,1.7016524
4.7,1,5.945421,1.916923,3.0330281
5.1,3,5.945421,2.415914,3.8278802
5.1,3,5.945421,2.282382,3.8733445
4.6,1,5.945421,2.708050,3.4186115
4.8,2,5.945421,3.044522,4.2355403
6.6,3,5.945421,3.983413,2.9298595
6.4,1,5.945421,3.010621,5.4746209
4.5,1,5.945421,0.405465,3.3855421
6.2,1,6.270988,5.620836,-1.2961612
5.4,3,6.270988,5.613092,-2.5309925
6.3,3,6.270988,5.604146,-1.8924642
6.1,2,6.270988,5.592106,-2.1709430
5.3,2,6.270988,5.679729,-2.6992193
5.2,1,6.270988,5.679763,-2.1267009
6.4,2,6.124683,3.552487,4.9779744
4.7,2,6.124683,2.990720,2.9646543
5.5,2,6.124683,3.588783,3.1250485
5.4,2,6.124683,3.473518,3.1133820
4.7,2,6.315358,2.442347,5.2384612
6.2,1,6.315358,3.992681,3.3583247
5.4,3,6.315358,3.835142,3.0284414
4.5,2,6.315358,1.131402,3.6481356
6.4,1,6.315358,4.453184,2.9255244
5.4,2,5.891644,5.463832,-1.3061163
5.4,3,5.891644,5.676069,-1.2527780
5.2,2,5.891644,5.118712,-1.3754731
5.3,1,5.891644,5.300216,-0.3471490
5.3,2,5.891644,5.593633,-1.1602749
5.2,1,5.891644,5.596123,-1.5627929
5.3,1,5.891644,5.594451,-2.0578366
6.5,1,5.891644,5.494049,0.7636522
5.1,1,5.891644,5.496594,-0.8775990
5.4,2,6.270988,5.461923,-2.3493832
5.2,2,6.270988,5.053312,-0.2356844
5.4,2,6.270988,5.065060,0.1900417
5.8,3,6.270988,5.155140,-0.7179113
5.4,3,6.270988,4.878550,-0.4302600
5.3,3,6.270988,4.903866,-1.0364265
4.8,1,6.270988,4.299460,0.6213289
6.3,3,6.270988,5.365368,-0.9024371
6.1,2,6.270988,5.424862,-1.0965843
5.3,3,6.270988,5.492238,-2.3776859
4.2,1,6.202536,2.517696,3.6075881
4.3,1,6.202536,2.785011,3.6423642
5.1,1,5.852202,3.953932,1.4312199
5.0,3,5.852202,4.863990,0.0523078
5.8,3,5.852202,4.565493,0.8112857
4.8,1,5.852202,5.165814,-0.7189164
5.4,2,5.852202,4.968632,-0.2307852
4.9,2,5.852202,4.985044,-1.2136192
5.3,2,5.852202,5.008767,-0.8875089
5.0,1,5.852202,4.097506,1.4404747
6.1,1,5.852202,4.812103,1.7347657
5.4,3,5.852202,4.813159,0.1860645
6.0,1,5.852202,4.825590,1.5616123
5.2,2,5.852202,5.695381,-2.5137507
5.3,1,5.852202,4.978801,0.1174274
5.1,1,5.852202,4.789822,0.0723207
5.3,2,5.852202,5.248497,-0.6190792
5.2,1,5.852202,5.256140,-0.6777070
5.3,1,5.852202,5.243544,-0.3981221
6.5,1,5.852202,4.868457,2.1069594
5.1,1,5.852202,4.964940,-0.1408956
5.4,1,6.159095,2.302585,3.6748566
6.8,3,6.270988,4.189655,3.7623855
5.8,3,6.061457,4.171306,1.5685326
4.8,1,6.061457,4.048475,1.4175750
5.4,2,6.061457,5.402452,-1.8683382
5.0,1,6.061457,5.190509,-2.2609634
6.0,1,6.061457,5.472271,-0.9400713
5.3,1,6.061457,5.602635,-2.0433025
5.1,1,6.061457,5.467807,-2.4794177
5.2,1,6.061457,5.471892,-2.0782423
5.3,1,6.061457,5.458734,-1.7543481
6.5,1,6.061457,5.542126,-0.1914995
5.1,1,6.061457,5.600235,-2.9869708
7.0,3,6.091310,2.397895,5.0991955
5.4,2,6.091310,2.388763,4.2154111
6.2,1,6.091310,2.884801,5.2283240
5.7,1,6.091310,3.424263,3.5823516
5.3,3,6.091310,2.873565,3.8798097
5.3,1,6.091310,3.126761,3.8049499
6.0,3,6.091310,3.877432,2.6197289
5.6,3,6.091310,2.778819,5.1356220
5.0,1,6.091310,2.797281,4.1440391
6.2,1,6.091310,4.272491,4.1323466
4.3,2,6.091310,3.113515,2.9307136
4.9,2,6.091310,2.525729,3.9089182
4.2,2,6.091310,2.747271,2.9543893
5.5,3,6.091310,4.245634,3.3719745
5.7,3,6.091310,4.136765,3.6223657
5.4,3,6.091310,4.174387,3.3022974
5.7,1,6.091310,3.226844,5.0681492
4.0,2,6.091310,3.131137,3.2228678
6.4,1,6.091310,4.475062,3.2801967
5.4,2,6.228511,5.280866,-0.9811760
4.9,2,6.228511,5.273615,-1.5634612
5.0,1,6.228511,4.041647,1.0727473
6.1,1,6.228511,2.025513,5.9192433
5.4,3,6.228511,1.979621,4.5814818
6.0,1,6.228511,2.428336,5.5327173
5.3,1,6.228511,4.565493,1.1712430
5.1,1,6.228511,2.628285,5.0797259
5.2,1,6.228511,5.558217,-1.9352373
5.3,1,6.228511,5.548298,-1.9629749
6.5,1,6.228511,3.453790,4.6276164
5.1,1,6.228511,3.911423,2.0279903
4.8,1,6.439350,2.476538,3.3411996
4.7,1,6.439350,2.660260,3.0401319
4.8,3,6.439350,2.602690,3.1292574
4.4,1,6.439350,3.063391,3.2369908
6.2,1,6.439350,4.271095,4.1509769
5.1,3,6.439350,4.378270,2.1229798
5.4,3,6.439350,4.166665,2.4134106
5.0,3,6.439350,2.901422,3.1152471
5.7,3,6.439350,4.283587,2.2385478
4.3,2,6.439350,3.081910,3.4525873
4.5,1,6.439350,3.234749,2.4987274
4.9,2,6.439350,2.459589,3.9895950
4.5,1,6.439350,2.873565,2.7412915
5.6,3,6.439350,4.114147,2.9975307
5.1,3,6.439350,4.099332,2.4329991
5.5,3,6.439350,4.251348,2.4229426
5.5,3,6.439350,4.251348,3.1942142
5.5,3,6.439350,4.278054,2.1062782
5.7,3,6.439350,4.144721,3.6744509
5.4,3,6.439350,4.182050,3.2658739
4.3,1,6.439350,3.034953,2.2587063
4.5,2,6.439350,2.028148,3.7390021
4.0,2,6.439350,3.095578,2.9768043
4.3,1,6.439350,2.809403,3.0242225
6.4,1,6.439350,4.483003,3.1924908
5.1,1,6.439350,3.234749,3.3444154
4.2,3,6.439350,3.230804,2.4677605
6.0,1,6.439350,2.366498,6.2696264
5.1,1,6.439350,2.574138,4.6242863
5.3,2,6.439350,5.556789,-1.7916795
5.2,1,6.439350,5.561258,-2.1838248
5.3,1,6.439350,5.551369,-2.1356310
6.5,1,6.439350,3.462606,4.2789967
5.1,1,6.439350,3.916214,1.8284449
5.0,1,6.439350,4.312409,0.6344052
5.0,1,6.439350,3.435277,3.7044329
5.1,1,5.768321,4.266335,1.1479420
5.2,2,5.768321,5.636609,-2.0333216
5.8,3,5.768321,5.153638,-0.3429552
4.8,1,5.768321,5.438340,-1.3446151
5.4,2,5.768321,4.452951,0.9598099
5.4,3,5.993961,4.708629,1.1007101
5.3,3,5.993961,4.693181,0.9896899
4.8,1,5.993961,5.524137,-1.4816605
6.1,2,5.993961,4.316688,1.5265779
5.2,1,5.993961,4.798184,-1.3142714
5.0,3,5.993961,4.678607,-0.8682151
5.3,3,5.993961,4.587312,0.1897109
6.1,3,5.993961,4.766949,2.0992074
5.5,1,5.993961,4.874586,0.5019261
5.2,2,5.991465,5.563869,-2.2621152
5.3,1,5.991465,5.289781,-0.0900779
5.1,1,5.991465,5.361949,-0.9982060
5.3,2,5.991465,4.840163,0.1381955
5.2,1,5.991465,4.849292,0.3024722
5.3,1,5.991465,4.822537,0.4519033
6.5,1,5.991465,5.351621,1.1917990
5.1,1,5.991465,5.390942,-1.2601905
6.0,3,5.840642,3.210844,3.1945012
4.5,2,5.840642,1.931521,3.4331481
4.1,1,5.840642,3.144152,3.2293805
5.4,2,6.047372,5.024341,-1.2820425
4.9,2,6.047372,5.009835,-2.3211565
5.0,1,6.047372,4.973280,-2.0865870
5.4,3,6.047372,4.710791,-0.0484972
6.0,1,6.047372,4.638218,0.6865253
5.2,2,6.047372,5.413296,-3.3574198
5.3,1,6.047372,3.270709,1.8588572
5.1,1,6.047372,4.850310,-0.6672455
5.2,1,6.047372,5.372357,-2.8021741
5.3,1,6.047372,5.361996,-3.2918229
6.5,1,6.047372,4.144087,1.4547237
5.1,1,6.047372,4.161224,0.1118991
5.1,1,5.730100,4.913978,-0.5636991
5.4,2,5.730100,5.034677,-0.6529654
5.3,2,5.730100,5.044843,-1.0268034
5.0,1,5.730100,4.980657,-0.8578096
6.1,1,5.730100,4.526668,2.1786871
5.4,3,5.730100,4.714294,1.0711040
6.0,1,5.730100,4.641213,1.7621418
5.3,1,5.730100,3.328627,2.5474119
5.1,1,5.730100,4.853514,0.4982266
5.3,2,5.730100,5.376620,-1.0059146
5.2,1,5.730100,5.379436,-1.8377196
5.3,1,5.730100,5.369149,-2.1052107
6.5,1,5.730100,4.147253,2.3050820
5.1,1,5.730100,4.164337,0.8920800
5.0,1,5.730100,3.794140,1.2253918
5.0,1,5.730100,4.467172,0.2498244
4.8,1,6.133398,5.639919,-2.4673182
5.4,2,6.133398,4.921221,-0.6074650
4.9,2,6.133398,4.903421,-1.3910255
5.3,2,6.133398,4.936055,-1.2624497
5.0,1,6.133398,4.352855,0.0721346
6.1,1,6.133398,3.974622,3.0012172
5.4,3,6.133398,4.195697,1.2052819
6.0,1,6.133398,4.143611,2.9009819
5.2,2,6.133398,5.532717,-2.2594298
5.3,1,6.133398,3.658420,2.0440345
5.1,1,6.133398,4.381902,1.1246698
5.3,2,6.133398,5.299916,-1.3608216
5.2,1,6.133398,5.304945,-1.8390398
5.3,1,6.133398,5.292400,-1.9015297
6.5,1,6.133398,3.799302,3.4815170
5.1,1,6.133398,3.828859,1.9750944
5.2,2,6.226537,4.835011,-1.3252745
5.4,2,6.226537,4.807131,-1.3028728
5.4,3,6.226537,5.626829,-0.7763549
5.4,3,6.226537,5.626829,-2.3651522
5.3,3,6.226537,5.625569,-2.7962259
4.8,1,6.226537,5.692047,-3.7895399
6.3,3,6.226537,5.543535,-1.5429014
6.1,2,6.226537,5.523858,-2.0331688
6.1,3,6.226537,4.966056,0.3369721
5.5,1,6.226537,5.031418,-0.9254576
5.4,2,6.226537,5.115296,-1.1469625
6.0,2,6.576470,2.066863,4.9699522
6.0,2,6.366470,1.435085,5.6491151
6.0,2,6.927558,1.609438,4.7760094
5.3,1,6.297109,4.332574,1.7560805
6.5,1,6.297109,5.646118,-0.3289764
5.1,1,6.297109,5.654172,-2.6741706
6.0,2,6.139885,2.014903,4.5974102
4.7,2,6.139885,2.517696,1.9464100
6.4,1,6.139885,4.769837,2.1355383
4.5,2,6.139885,2.772589,2.6410553
5.3,1,6.139885,4.314550,1.4370825
6.5,1,6.139885,5.655257,-0.4027937
4.8,2,5.659482,3.862833,3.2054663
4.8,2,5.971262,3.786460,1.5865377
4.5,2,5.971262,2.873565,3.4556856
4.9,1,5.971262,4.695925,0.5923319
4.6,1,5.971262,3.873282,1.9329696
5.3,2,5.720312,5.474579,-3.0665840
5.8,3,5.720312,5.455535,-1.6844848
5.8,1,5.720312,5.464340,-0.5378372
4.1,2,6.270988,3.828641,1.2616661
4.1,2,6.270988,3.063391,2.4132316
4.8,2,6.270988,2.653242,2.2729812
5.1,2,6.270988,3.558201,2.8739036
5.5,2,6.270988,4.519285,1.0782395
5.4,2,6.270988,4.474264,1.1715219
4.3,2,5.488938,2.360854,4.0611152
5.4,2,6.371612,5.103701,-1.0171060
5.2,2,6.371612,4.677770,1.7098804
5.4,2,6.371612,4.697749,2.2224157
5.4,3,6.371612,4.311470,1.2286752
5.3,3,6.371612,4.325985,0.6595904
4.8,1,6.371612,4.943854,0.0661622
6.1,2,6.371612,5.033766,0.2271356
5.0,3,6.371612,5.421685,-2.4331609
5.3,3,6.371612,5.143475,-0.8290815
6.1,3,6.371612,5.447125,0.8034803
5.5,1,6.371612,5.505535,-1.3445768
5.4,2,6.371612,5.509024,-0.9578682
5.2,2,6.369901,4.671520,1.9878880
5.4,2,6.369901,4.691623,2.1540039
5.4,3,6.369901,4.307707,1.0763667
5.3,3,6.369901,4.321347,0.6375816
4.8,1,6.369901,4.949681,0.2013069
6.1,2,6.369901,5.028279,0.3102016
5.0,3,6.369901,5.417300,-2.4651981
5.3,3,6.369901,5.138911,-0.7204567
6.1,3,6.369901,5.442851,0.7328966
5.5,1,6.369901,5.501503,-1.1750938
5.4,2,6.369901,5.504966,-1.0539162
4.5,2,6.021023,1.824549,3.4909771
5.8,3,5.961005,5.538515,-0.1656060
5.4,3,5.961005,4.266616,2.0686839
5.3,3,5.961005,4.277777,1.4538128
4.8,1,5.961005,4.980107,0.6494565
6.3,3,5.961005,4.915152,1.5164231
6.1,2,5.961005,4.999237,1.1128767
5.0,3,5.961005,5.398706,-1.4183631
5.3,3,5.961005,5.113252,0.1054405
6.1,3,5.961005,5.427502,1.5602267
5.5,1,5.961005,5.487076,-0.3822272
5.4,2,5.961005,5.489888,0.0463109
6.0,1,6.248043,0.871293,6.5596436
5.1,1,6.363028,4.898809,-1.2538636
5.0,3,6.363028,5.461923,-2.7939676
5.2,2,6.363028,5.426579,-2.7075653
5.3,2,6.363028,5.426667,-3.1430960
5.8,3,6.363028,5.318267,-2.1180161
5.8,1,6.363028,5.668432,-1.4736840
4.8,1,6.363028,5.407979,-1.8398579
5.4,2,6.363028,3.177220,3.0882203
5.3,2,6.363028,3.403860,1.8974099
6.1,1,6.363028,5.162727,0.0535408
5.4,3,6.363028,5.206421,-1.7580539
6.0,1,6.363028,5.205763,-0.2050949
5.2,2,6.363028,5.189674,-2.1623885
5.3,1,6.363028,4.842217,-0.1288794
5.1,1,6.363028,5.253895,-1.7922796
5.3,2,6.363028,4.382651,1.0590048
5.2,1,6.363028,4.397531,0.6809228
5.3,1,6.363028,4.365516,0.3268547
6.5,1,6.363028,5.117575,0.4429536
5.1,1,6.363028,5.120506,-1.3336640
5.0,1,6.363028,5.137914,-1.8396690
5.0,1,6.363028,5.176715,-2.1571004
6.0,2,6.297109,2.433613,3.9240701
4.6,1,6.648985,3.594569,2.3444945
5.2,2,5.726848,2.714695,4.1074089
5.1,1,6.180017,5.391398,-1.5302571
5.2,2,6.180017,5.497127,-2.2083664
5.8,3,6.180017,5.395308,-1.1421567
5.8,1,6.180017,5.516046,-0.2044199
4.8,1,6.180017,5.131141,-0.4501069
5.3,2,6.180017,4.712139,0.3603283
5.0,1,6.180017,5.446953,-2.1811642
6.1,1,6.180017,5.630208,-0.3816412
5.4,3,6.180017,5.644209,-2.0385300
6.0,1,6.180017,5.667118,-0.5076141
5.2,2,6.180017,5.389391,-1.5671450
5.3,1,6.180017,5.487615,-1.0473680
5.1,1,6.180017,5.657285,-2.0346212
5.3,2,6.180017,4.348341,1.3172122
5.2,1,6.180017,4.347435,1.1463861
5.1,2,6.180017,5.520260,-2.5154071
5.3,1,6.180017,4.334149,1.7413780
6.5,1,6.180017,5.615534,0.0902976
4.4,2,5.624018,3.761200,1.4600791
4.4,2,5.624018,3.000720,2.7114444
4.1,1,5.624018,3.804438,0.5809299
4.2,2,5.624018,4.460144,-0.0123661
5.3,2,5.624018,4.435567,1.6110965
4.5,2,5.624018,4.426044,0.6522210
4.8,2,5.624018,4.435567,1.3979512
4.4,2,5.983936,3.775057,1.6600360
4.4,2,5.983936,3.000720,2.5133321
4.1,1,5.983936,3.822098,0.3992458
5.3,2,5.983936,4.436752,1.5018527
4.5,2,5.983936,4.427239,0.8277218
4.4,2,5.398163,3.790985,1.5985387
4.4,2,5.398163,2.995732,2.2846655
4.8,1,5.398163,4.857484,0.5551487
5.3,2,5.398163,4.439116,2.0677231
4.5,2,5.398163,4.429626,1.1982464
4.8,2,5.398163,4.439116,1.5388867
5.2,2,5.831882,2.856470,3.7363831
6.0,2,5.831882,3.325036,4.5525813
6.5,2,5.831882,4.223910,3.1556378
5.0,1,6.082219,4.461762,0.1902071
5.3,1,6.082219,4.977079,-0.8853736
5.1,1,6.082219,5.606574,-2.8117954
5.2,2,6.082219,4.606070,-0.3182787
5.3,2,6.082219,4.647846,-1.3355632
5.0,1,6.082219,5.657180,-1.8944569
5.8,1,6.082219,3.803324,3.2062363
5.4,2,6.082219,5.372543,-2.0281402
6.9,1,6.082219,4.393214,3.7506799
5.2,2,6.082219,4.919178,-0.9919037
5.3,2,6.082219,5.100415,-1.1083899
5.2,1,6.082219,5.106612,-0.7846925
5.1,2,6.082219,4.854683,-0.2979479
5.3,1,6.082219,5.129544,-0.4881839
5.1,1,5.669881,5.355926,-1.6223205
5.2,2,5.669881,5.458479,-1.9932638
5.3,2,5.669881,5.466117,-2.6802794
5.8,3,5.669881,5.396532,-1.5352585
5.8,1,5.669881,5.504233,-0.0813728
5.3,2,5.669881,4.585172,0.1883865
6.0,1,5.669881,5.647283,-0.7961106
6.9,1,5.669881,5.647283,0.5636647
5.2,2,5.669881,5.336769,-1.4465116
5.3,1,5.669881,5.437122,-1.0580847
5.3,2,5.669881,4.181592,1.0170045
5.2,1,5.669881,4.180369,0.9842484
5.1,2,5.669881,5.531174,-2.3894619
5.3,1,5.669881,4.159664,1.3830641
6.5,1,5.669881,5.579428,0.0498372
6.1,2,6.169611,3.802208,4.3080571
6.5,2,6.169611,4.271095,3.1609924
5.4,3,6.182085,5.681366,-1.4785412
6.0,1,6.182085,5.651893,-0.8408355
5.2,2,6.182085,5.258120,-2.3204843
5.3,1,6.182085,5.328167,-0.6645597
5.3,1,6.182085,5.670639,-2.6813304
6.5,1,6.182085,5.498806,0.1553785
5.1,1,6.182085,5.502156,-1.1784350
4.4,2,5.590987,2.939162,2.7962442
5.1,1,5.590987,4.959342,0.3295915
4.8,1,5.590987,4.852811,0.6169139
5.3,2,5.590987,4.837868,0.0811191
5.3,2,5.590987,4.447346,1.8140427
4.8,2,5.590987,4.447346,1.1600209
5.4,2,6.297109,4.239599,0.8261034
4.9,2,6.297109,4.218625,-0.4172290
5.3,2,6.297109,4.226834,-0.0936735
5.0,1,6.297109,5.306385,-2.7932813
5.4,3,6.297109,5.326273,-1.8160317
6.0,1,6.297109,5.309307,-0.4104073
5.2,2,6.297109,4.729686,-1.4492342
5.3,1,6.297109,4.733827,0.0281987
5.1,1,6.297109,5.392445,-1.9624055
5.3,2,6.297109,4.717427,0.0918497
5.2,1,6.297109,4.724818,-0.3749990
5.3,1,6.297109,4.712768,-1.2572681
6.5,1,6.297109,5.138325,0.4477580
5.1,1,6.297109,5.138501,-1.5836240
5.1,1,5.497168,5.402272,-1.9868988
5.2,2,5.497168,5.010235,-0.2200234
5.3,2,5.497168,4.993557,-0.5376488
5.8,1,5.497168,5.581878,-1.0135453
5.4,2,5.497168,4.695559,0.4869836
5.3,2,5.497168,4.683519,-0.2782335
6.1,1,5.497168,5.375788,1.0442617
5.4,3,5.497168,5.445487,-0.6220924
5.2,2,5.497168,4.515574,0.1073286
5.3,1,5.497168,4.901787,1.2490131
5.1,1,5.497168,5.509064,-1.4576615
6.5,1,5.497168,5.254836,1.3759662
5.1,1,5.497168,5.254209,-0.4661550
5.4,3,6.025866,4.403176,1.4899559
5.3,3,6.025866,4.381902,1.1351692
4.8,1,6.025866,5.464594,-1.9093950
6.1,2,6.025866,4.192529,2.0244440
5.2,1,6.025866,4.841111,-1.3742867
5.0,3,6.025866,4.847175,-1.2127781
5.3,3,6.025866,4.495579,0.6996261
6.1,3,6.025866,4.983675,1.5542211
5.5,1,6.025866,5.068841,-0.1797967
5.4,2,6.025866,5.050881,0.0001000
4.4,2,5.476464,3.725693,1.3589746
4.3,2,5.476464,2.140066,4.0631119
4.4,2,5.476464,3.054001,2.7290286
4.8,1,5.476464,4.870607,0.1031882
4.1,1,5.476464,3.775057,0.9097091
4.2,2,5.476464,4.476200,0.1033685
5.3,1,5.476464,5.357529,-0.0120726
5.3,2,5.476464,4.420045,1.8326295
4.5,2,5.476464,4.410371,0.8446658
4.8,2,5.476464,4.420045,1.3662702
4.7,2,6.137727,1.856298,3.6796873
5.2,2,6.137727,2.694627,3.5025198
5.3,2,6.192362,5.380727,-2.3831012
5.3,2,6.192362,5.222893,-2.1657841
6.1,1,6.192362,5.312220,0.3132036
5.4,3,6.192362,5.401370,-1.5333106
6.0,1,6.192362,5.365181,-0.5050921
5.2,2,6.192362,5.119609,-2.1815186
5.3,1,6.192362,4.868227,-0.6541188
5.1,1,6.192362,5.473950,-2.0446923
5.3,2,6.192362,5.440685,-1.6813637
5.2,1,6.192362,5.444148,-2.2367974
5.3,1,6.192362,5.439513,-2.8858918
6.5,1,6.192362,5.154043,0.5917234
5.1,1,6.192362,5.158710,-0.8715803
6.4,3,6.378426,3.779634,2.9968317
5.8,3,6.008813,4.400112,1.7054751
4.8,1,6.008813,3.855664,2.1241639
5.4,2,6.008813,5.348583,-0.7216290
4.9,2,6.008813,5.365088,-1.8797386
5.3,2,6.008813,5.366350,-1.5143550
5.0,1,6.008813,5.216999,-1.4338473
6.0,1,6.008813,5.498602,-0.2225063
5.3,1,6.008813,5.594191,-1.0383171
5.1,1,6.008813,5.492485,-1.5253266
5.3,2,6.008813,5.402272,-0.8635323
5.2,1,6.008813,5.403308,-0.9730463
5.3,1,6.008813,5.389802,-0.6034527
6.5,1,6.008813,5.552223,0.4879049
5.1,1,6.008813,5.606794,-2.1230173
5.3,2,6.270988,5.379897,-2.3236351
5.4,2,6.270988,4.659185,1.0202543
5.2,2,6.270988,5.060948,0.1663615
5.4,2,6.270988,5.072232,0.9010553
5.3,3,6.270988,-1.897120,4.6698337
4.8,1,6.270988,5.333298,-1.5519240
6.3,3,6.270988,4.481193,1.7325755
6.1,2,6.270988,4.641020,1.5865377
5.0,3,6.270988,5.295062,-1.0635444
5.3,3,6.270988,4.731891,0.6597972
6.1,3,6.270988,5.432586,0.1516905
5.5,1,6.270988,5.486497,-1.7004025
5.4,2,6.270988,5.469072,-1.4481698
4.5,2,5.897154,4.781641,-0.8422738
4.8,2,5.897154,4.906015,-0.6141881
5.3,3,5.897154,4.644583,1.3791942
4.8,1,5.897154,5.427941,-0.6917482
6.1,2,5.897154,4.535177,2.1057183
5.2,1,5.897154,4.973556,-0.2720712
6.1,3,5.897154,4.882650,3.1004526
5.5,1,5.897154,4.984565,0.7733899
5.4,2,5.897154,4.986752,1.5205630
4.3,2,6.040255,3.095578,2.7046444
5.4,3,6.040255,4.689695,1.3414539
5.3,3,6.040255,4.680185,0.9018266
6.1,2,6.040255,4.558498,1.2822385
5.0,3,6.040255,4.860897,-0.6854568
5.3,3,6.040255,4.778283,0.1167158
6.1,3,6.040255,4.860587,2.1422990
5.5,1,6.040255,4.965289,0.6638214
5.4,2,6.040255,4.969605,0.8393665
5.4,2,5.583496,4.721263,0.8230344
5.2,2,5.583496,4.361824,2.9238603
5.4,2,5.583496,4.369701,3.2058716
5.4,3,5.583496,4.664194,1.8667742
5.3,3,5.583496,4.654532,1.4750147
6.1,2,5.583496,4.549129,2.0696816
5.2,1,5.583496,4.980588,-0.5859983
5.0,3,5.583496,4.873058,-0.1920568
5.3,3,5.583496,4.771278,0.5237813
6.1,3,5.583496,4.880299,2.9687721
5.5,1,5.583496,4.982784,1.0099632
5.4,2,5.583496,4.986001,1.2519912
5.4,3,5.899897,4.632104,1.3761430
5.3,3,5.899897,4.622617,1.0316531
4.8,1,5.899897,5.413653,-0.7869305
6.3,3,5.899897,4.517977,1.9692360
6.1,2,5.899897,4.547011,1.7153103
5.0,3,5.899897,4.894251,-0.4000896
5.3,3,5.899897,4.770091,0.3362579
6.8,1,5.894403,4.216562,3.2178353
5.1,1,5.894403,2.332144,5.1902866
5.3,2,5.894403,3.421000,3.4511298
5.3,3,6.120297,2.965273,3.6736643
5.0,1,6.270988,5.623151,-2.8733554
5.2,2,6.270988,4.864607,0.3354002
5.9,2,6.270988,5.666600,-0.1928690
5.2,2,6.270988,5.311678,-0.7545333
5.2,2,6.270988,5.683954,-2.0668808
6.2,1,6.270988,5.607859,1.1337542
5.8,1,6.270988,5.467849,0.4559047
5.3,2,6.270988,5.607382,-1.7979989
5.2,1,6.270988,5.606868,-1.3022474
5.1,2,6.270988,4.946203,-0.1868839
6.1,3,6.270988,5.560220,-0.4190976
5.5,1,6.270988,5.600531,-1.8046016
5.3,1,6.270988,5.614696,-1.2251624
5.4,2,6.270988,5.649889,-2.0576800
6.0,2,5.849325,4.601162,2.5406567
5.1,1,5.849325,4.252772,2.2194861
5.1,1,5.849325,4.016383,2.3093621
5.2,2,5.849325,3.660994,3.6740957
5.1,2,5.849325,3.992681,2.5939852
5.0,1,6.082219,4.128424,-0.0876952
5.4,3,6.082219,3.347445,3.2609386
6.0,1,6.082219,3.265378,3.7619208
5.2,2,6.082219,5.671741,-3.3003571
5.3,1,6.082219,4.218478,0.8511334
5.1,1,6.082219,3.744078,2.5852044
5.3,2,6.082219,5.458947,-1.8149872
5.2,1,6.082219,5.463578,-2.1742798
5.3,1,6.082219,5.452754,-2.2863181
6.5,1,6.082219,2.876386,4.5642232
5.1,1,6.082219,3.464172,1.9457816
4.8,1,5.720312,5.391899,-0.7407001
5.4,2,5.720312,3.452524,3.4733010
4.9,2,5.720312,3.533395,2.8280234
5.3,2,5.720312,3.624608,2.8334486
5.3,1,5.720312,4.451553,2.4870710
5.8,3,6.287859,3.952589,1.1235650
4.8,1,6.287859,4.793142,-0.4863119
5.4,2,6.287859,5.170314,-1.6745099
5.3,2,6.287859,5.205599,-2.4995372
5.0,1,6.287859,4.708990,-0.9669263
6.1,1,6.287859,5.160548,0.1636483
5.4,3,6.287859,5.165643,-1.4537598
5.1,1,6.287859,5.132499,-1.1805493
5.3,2,6.287859,5.336528,-2.2301714
5.2,1,6.287859,5.343769,-2.1946280
5.3,1,6.287859,5.329622,-2.1583982
6.5,1,6.287859,5.225639,0.6071535
5.1,1,6.287859,5.301113,-1.9882124
5.0,1,6.287859,5.388752,-2.4913031
5.0,1,6.287859,5.263312,-1.7313796
5.4,2,6.230481,5.239310,-0.4412374
4.9,2,6.230481,5.228592,-1.4432881
5.3,2,6.230481,5.244442,-1.0172167
5.4,3,6.230481,5.082956,0.3021765
6.0,1,6.230481,5.024209,0.8896592
5.2,2,6.230481,5.391261,-2.3938017
5.3,1,6.230481,4.434619,0.5106056
5.1,1,6.230481,5.180603,-0.3955643
5.3,2,6.230481,5.504762,-0.4193561
5.2,1,6.230481,5.507970,-1.3252369
5.3,1,6.230481,5.500278,-2.2615391
6.5,1,6.230481,4.721619,1.8805637
5.1,1,6.230481,4.729598,0.6898919
5.1,1,5.913503,5.276378,-1.6573684
5.4,2,5.913503,5.251173,-0.4546028
4.9,2,5.913503,5.240635,-1.5810934
5.3,2,5.913503,5.256192,-1.1491375
5.0,1,5.913503,5.320764,-2.1142815
6.1,1,5.913503,4.968563,1.4317217
5.4,3,5.913503,5.094547,0.3335394
6.0,1,5.913503,5.035783,0.7858631
5.3,1,5.913503,5.508781,-2.2557969
6.5,1,5.913503,4.738827,1.7108747
5.1,1,5.913503,4.746409,0.3714946
4.3,3,6.139885,2.778819,2.0872361
4.0,3,6.139885,2.701361,2.2965972
5.1,1,6.139885,5.260044,-2.1835584
5.0,3,6.139885,5.545919,-2.8649321
5.2,2,6.139885,5.624559,-2.5375229
5.3,2,6.139885,5.612873,-2.8279154
5.4,2,6.139885,5.238090,-0.9525399
5.3,2,6.139885,5.243333,-1.7820666
5.0,1,6.139885,5.305293,-2.7356629
6.1,1,6.139885,4.948831,1.0640899
5.4,3,6.139885,5.077234,-0.3161639
6.0,1,6.139885,5.018074,0.3503047
5.2,2,6.139885,5.393309,-2.7846775
5.3,1,6.139885,4.425804,0.1091234
5.1,1,6.139885,5.175415,-0.9613404
5.3,2,6.139885,5.504355,-1.1234687
5.2,1,6.139885,5.507565,-2.0777630
5.3,1,6.139885,5.499788,-2.8049136
6.5,1,6.139885,4.713397,1.3073594
5.1,1,6.139885,4.721441,-0.2502193
5.0,1,6.139885,4.481646,0.0879193
5.0,1,6.139885,4.900002,-1.3188974
5.1,1,5.820083,3.780775,2.0678117
5.0,3,5.820083,4.981344,-0.5774998
5.8,3,5.820083,5.020718,0.1303263
4.8,1,5.820083,5.402587,-1.1096328
5.4,2,5.820083,4.719570,0.9765953
4.9,2,5.820083,4.721886,0.0328543
5.3,2,5.820083,4.759092,0.0903890
5.0,1,5.820083,4.083115,1.5279458
6.1,1,5.820083,4.568299,2.5118731
5.4,3,5.820083,4.597239,0.7459768
6.0,1,5.820083,4.616407,2.1710973
5.2,2,5.820083,5.545724,-2.1294725
5.3,1,5.820083,4.513165,1.5752398
5.1,1,5.820083,4.644295,0.9913982
5.3,2,5.820083,5.135269,-0.2367355
5.2,1,5.820083,5.142774,-0.5353745
5.3,1,5.820083,5.127707,-0.3770380
6.5,1,5.820083,4.542443,2.7940444
5.1,1,5.820083,4.620945,0.4959150
6.0,2,6.098074,0.262364,5.5118953
5.4,2,6.098074,2.631889,5.2421173
5.2,3,6.098074,3.962716,2.4900600
6.4,3,6.098074,4.056989,3.3896645
6.6,3,6.098074,4.799091,3.6287578
5.0,2,6.098074,2.541602,4.5968860
4.9,3,6.098074,4.665324,0.1747933
4.8,3,6.098074,4.642466,0.1078674
4.9,3,6.098074,4.789157,-0.0987822
4.9,3,6.098074,4.635699,-0.1796292
4.4,3,6.098074,4.550714,-1.4062930
4.6,3,6.098074,4.684905,-0.9093399
4.7,3,6.098074,4.664382,-1.0540597
4.7,3,6.098074,4.504244,-0.3581188
5.0,3,6.098074,4.649187,0.3819918
4.7,3,6.098074,4.530447,-0.5368616
4.9,3,6.098074,4.621044,0.3383277
4.7,3,6.098074,4.859812,-1.1163588
5.1,2,6.098074,5.248602,-0.7472655
4.2,2,6.098074,2.140066,2.4889817
4.2,1,6.098074,4.781641,-0.9371825
5.4,2,6.263398,2.631889,5.3012132
6.4,1,6.263398,4.763882,2.4433900
6.2,1,6.042633,4.369448,2.6180526
5.4,3,6.042633,4.816241,0.6204152
4.9,3,6.042633,4.774913,0.1594793
4.8,3,6.042633,4.751865,-0.4086301
4.7,1,6.042633,4.727388,-0.1413908
4.7,3,6.042633,4.706824,-0.9888345
4.4,1,6.042633,4.654912,-0.4772297
4.5,3,6.042633,4.720283,-1.2146294
4.6,3,6.042633,4.418841,0.1951555
4.7,3,6.042633,4.565389,-0.0448091
4.6,3,6.042633,4.555980,0.2770255
4.8,1,6.042633,4.583333,0.9842858
5.4,2,6.042633,5.232712,-0.0437743
4.9,2,6.042633,5.251959,-1.1559448
5.3,2,6.042633,5.261913,-1.2627325
5.0,1,6.042633,4.898138,-0.3624631
5.4,3,6.042633,5.289630,-0.6177800
6.0,1,6.042633,5.269712,1.0103638
5.3,1,6.042633,5.414944,-0.0950802
5.1,1,6.042633,5.259161,-0.4741402
5.3,2,6.042633,5.360588,-0.7419803
5.2,1,6.042633,5.367610,-0.5717795
5.3,1,6.042633,5.351716,-0.3203017
6.5,1,6.042633,5.342430,1.5165109
5.1,1,6.042633,5.410172,-1.2860147
4.9,2,5.627621,2.960105,2.3615142
5.5,2,5.627621,3.206803,2.9360353
6.8,3,5.627621,4.122284,3.1413034
6.5,0,5.627621,4.249923,2.6547901
6.2,1,5.627621,4.385770,2.3052815
6.4,1,5.627621,4.763882,2.1789475
4.2,2,5.627621,2.140066,2.4715681
6.5,2,5.666427,4.368181,3.1029261
5.1,1,5.888878,5.156754,-1.1422507
5.0,3,5.888878,5.580069,-1.7574160
5.3,2,5.888878,5.289630,-1.5322917
5.4,2,5.888878,4.576359,0.8550534
4.9,2,5.888878,4.557030,-0.0396872
5.3,2,5.888878,4.578826,0.3393253
5.0,1,5.888878,5.232765,-1.7031993
5.4,3,5.888878,5.188726,0.0126200
6.0,1,5.888878,5.160089,1.2211544
5.2,2,5.888878,4.956179,-0.9009835
5.3,1,5.888878,4.407573,2.0770261
5.1,1,5.888878,5.270689,-0.5324239
5.3,2,5.888878,5.007296,0.8456537
5.2,1,5.888878,5.013165,0.0608128
5.3,1,5.888878,5.001393,-0.7102323
6.5,1,5.888878,4.931809,2.2698759
5.1,1,5.888878,4.935049,0.4962195
5.2,2,6.098074,5.652910,-2.8108473
5.1,1,6.098074,5.665631,-2.8565966
5.2,2,6.098074,5.410842,-1.7648060
5.2,2,6.098074,5.459543,-2.6550119
5.8,3,6.098074,5.646648,-2.3494671
5.8,1,6.098074,5.317924,-0.7622829
4.8,1,6.098074,5.338931,-1.5954857
5.3,2,6.098074,5.090309,-1.3662565
6.9,1,6.098074,5.548765,-0.1675433
5.2,2,6.098074,5.424862,-1.9942184
5.3,2,6.098074,4.682779,0.5239590
5.2,1,6.098074,4.682964,1.0165342
5.1,2,6.098074,5.222246,-2.1808100
5.3,1,6.098074,4.696016,1.2446156
6.5,2,6.188264,3.937691,2.9644480
5.4,2,6.315358,5.447341,-2.2271066
4.9,2,6.315358,5.440034,-3.1249985
5.3,2,6.315358,5.445702,-3.0582675
5.4,3,6.315358,5.564597,-2.4154963
6.0,1,6.315358,5.531015,-1.2844962
5.2,2,6.315358,5.245760,-3.0985627
5.3,1,6.315358,5.162612,-1.2740019
5.1,1,6.315358,5.626361,-2.6235896
5.3,2,6.315358,5.610021,-2.0107367
5.2,1,6.315358,5.612763,-2.3070249
5.3,1,6.315358,5.609911,-2.9344679
6.5,1,6.315358,5.356681,-0.4231811
5.1,1,6.315358,5.360776,-2.0688577
5.0,3,6.270988,5.561566,-3.1278932
5.0,1,6.270988,5.437253,-3.0149559
6.1,1,6.270988,5.043877,0.8250523
5.4,3,6.270988,5.130668,-0.0913700
6.0,1,6.270988,5.067646,0.1685606
5.2,2,6.270988,5.690765,-3.4661520
5.3,1,6.270988,4.919032,-1.1395593
5.1,1,6.270988,5.221328,-0.8881164
6.5,1,6.270988,4.867919,1.0648831
5.1,1,6.270988,4.884921,-0.4393425
5.0,1,6.270988,4.711240,-0.3261735
5.0,1,6.270988,4.990909,-1.6664846
6.5,2,5.910797,4.036009,3.6451888
5.2,2,6.270988,3.843744,3.7692836
4.8,1,5.886104,5.127232,0.5129434
5.4,2,5.886104,4.263665,1.7238910
5.3,2,5.886104,4.304470,0.8547557
5.0,1,5.886104,5.047096,-0.2068889
6.1,1,5.886104,5.306534,1.4011830
5.4,3,5.886104,5.323936,-0.3023220
6.0,1,5.886104,5.332139,1.1293355
5.2,2,5.886104,5.391899,-0.9318105
5.3,1,5.886104,5.148308,0.6124251
5.1,1,5.886104,5.341856,-0.3807627
5.3,2,5.886104,4.498475,1.9010921
5.2,1,5.886104,4.515027,1.6441678
5.3,1,5.886104,4.483003,1.6874170
6.5,1,5.886104,5.288873,2.0281877
5.1,1,5.886104,5.309356,-0.1617192
5.0,1,5.886104,5.344628,-0.6062908
5.0,1,5.886104,5.330688,-0.8691925
5.8,1,5.910797,5.426007,-0.3011862
5.4,2,5.910797,4.734267,0.9591203
4.9,2,5.910797,4.786491,-1.0067900
5.3,2,5.910797,4.733475,0.1595646
5.0,1,5.910797,5.517694,-2.7424398
5.2,2,5.910797,5.330300,-1.0648487
5.3,1,5.910797,5.521861,-1.1191722
5.2,1,5.910797,4.230913,0.8912601
5.1,2,5.910797,5.433635,-2.3071354
5.3,1,5.910797,4.231930,1.7218018
6.5,1,5.910797,5.662440,-0.1557303
5.1,1,5.910797,5.666496,-1.9079787
6.0,2,6.093570,3.499533,3.8404196
5.8,3,6.077642,5.409501,-0.9420189
5.4,3,6.077642,4.376888,1.2891224
5.3,3,6.077642,4.414615,0.5812654
4.8,1,6.077642,4.824868,-0.0171767
6.1,2,6.077642,5.166841,0.1925194
6.1,3,5.908083,5.212106,0.3827422
5.5,1,5.908083,5.277502,-1.1819178
5.4,2,5.908083,5.346917,-1.3453444
5.3,2,6.077642,4.599655,0.4008545
5.8,1,6.077642,5.479513,-0.8869990
5.2,2,6.077642,4.368688,0.5613286
5.3,1,6.077642,5.478971,-1.2038062
5.3,2,6.077642,5.376065,-1.7639887
5.2,1,6.077642,5.377775,-1.9878473
5.3,1,6.077642,5.379943,-1.9871906
6.5,1,6.077642,5.687314,-0.4995396
5.1,1,6.077642,5.683308,-2.3775565
4.8,1,5.929589,5.228538,-0.1426702
5.4,2,5.929589,4.430579,0.6155639
4.9,2,5.929589,4.463952,-0.3423213
5.3,2,5.929589,4.500698,-0.1503695
5.0,1,5.929589,4.608764,0.1036390
5.4,3,5.929589,5.006426,-0.1920326
6.0,1,5.929589,5.020256,1.6807534
5.2,2,5.929589,5.476631,-2.6843434
5.3,1,5.929589,4.857329,0.1276894
5.1,1,5.929589,5.028344,-0.0981863
5.3,2,5.929589,4.875655,0.2383080
5.2,1,5.929589,4.886432,-0.0955422
5.3,1,5.929589,4.867765,0.5091642
6.5,1,5.929589,4.968910,1.5486258
5.1,1,5.929589,5.012633,-0.6906703
5.1,1,5.533389,5.282086,0.0959463
5.3,2,5.533389,5.035783,0.1854832
5.0,1,5.533389,5.352569,1.0027986
5.8,1,5.533389,5.070098,1.8936389
5.2,2,5.533389,5.347679,-0.4283551
5.0,1,5.988961,5.236495,-1.2031065
6.0,1,5.988961,5.359883,0.3217936
5.2,2,5.988961,4.930004,-0.6060708
5.3,1,5.988961,3.970858,2.0172469
6.5,1,5.988961,5.252954,1.0433462
5.1,1,5.988961,5.253529,-0.9655860
5.1,1,6.304449,5.466878,-2.4921851
5.4,2,6.304449,5.400332,-1.6563199
5.3,2,6.304449,5.402813,-2.2843523
5.4,3,6.304449,5.305343,-0.6520052
6.0,1,6.304449,5.254574,-0.0668452
5.2,2,6.304449,5.417477,-2.4153395
5.3,1,6.304449,4.849762,-0.6962520
5.1,1,6.304449,5.383990,-1.2508548
5.3,2,6.304449,5.614441,-0.8161513
5.2,1,6.304449,5.617571,-1.5552812
5.3,1,6.304449,5.611740,-2.6382117
6.5,1,6.304449,5.030765,0.8211885
5.1,1,6.304449,5.038315,-0.5011063
5.3,1,6.003887,4.674976,1.2103325
5.1,1,6.003887,5.286042,0.7672337
5.2,2,6.003887,5.032071,0.4230430
5.3,2,6.003887,5.030176,-0.1664561
5.0,1,6.003887,5.356350,1.5192725
5.8,1,6.003887,5.068464,1.7378839
6.9,1,6.003887,4.475403,3.5663163
5.2,2,6.003887,5.343482,-0.2448269
5.1,2,6.003887,5.538082,-1.0481664
5.4,2,6.347389,2.449279,5.1310814
5.4,2,6.242223,2.420368,5.9187057
4.8,2,5.869297,2.901422,3.8733030
5.3,2,5.869297,3.113515,4.0576460
6.0,2,5.869297,4.007333,3.3567926
5.8,1,5.808142,5.673151,0.1422805
4.8,1,5.808142,5.068904,0.4725629
5.4,2,5.808142,4.400235,1.3453161
4.9,2,5.808142,4.452369,0.0614713
5.3,2,5.808142,4.429149,0.5397629
5.0,1,5.808142,5.149701,-1.1368439
5.4,3,5.808142,5.410663,-0.9749797
6.0,1,5.808142,5.418631,0.5923872
5.2,2,5.808142,5.409590,-1.2025738
5.3,1,5.808142,5.252954,-0.3009565
5.1,1,5.808142,5.424465,-0.9618374
5.3,2,5.808142,4.471410,1.4765920
5.2,1,5.808142,4.483906,1.4041343
5.3,1,5.808142,4.445353,1.6174854
6.5,1,5.808142,5.380312,0.9290095
5.1,1,5.808142,5.400648,-1.2706113
6.7,2,5.826000,1.667707,5.5291513
6.4,2,5.826000,2.923162,4.8719095
6.4,1,5.826000,4.780803,2.8858616
4.6,2,6.001415,3.688879,0.9707032
4.4,2,6.001415,3.806662,1.6699684
5.2,2,6.001415,3.693867,2.3631156
5.5,2,6.001415,3.563883,3.1750493
5.1,2,6.001415,3.793239,1.8807009
5.2,2,6.001415,3.698830,3.0783256
4.6,2,6.001415,3.808882,0.5372533
4.5,2,6.001415,3.718438,0.1976206
4.3,2,6.001415,3.706228,0.3039490
5.4,2,6.001415,4.523960,1.5645870
5.4,2,6.001415,3.744787,2.0301988
5.3,2,6.001415,3.923952,1.9030921
4.6,2,6.001415,3.218876,2.2211798
5.5,1,6.001415,5.013963,1.0200740
5.7,1,6.001415,5.012633,0.7862732
5.1,2,6.001415,5.009968,0.2674283
5.7,1,6.001415,4.994506,0.9826775
4.4,2,6.001415,3.178054,2.1720321
5.2,2,6.001415,4.540098,1.9391876
5.3,2,6.001415,5.178971,0.0321767
4.4,2,6.001415,4.473922,0.1760519
4.6,2,6.001415,4.504244,0.4950620
4.4,2,6.001415,4.461300,0.6116117
4.4,2,6.001415,4.138361,0.3172894
5.5,2,6.177944,3.269569,3.5154185
6.5,2,6.177944,2.322388,5.0410998
5.2,2,6.042633,3.234749,3.4075439
5.1,2,6.042633,3.025291,2.4581348
5.4,2,6.042633,3.068053,3.2189558
4.8,2,6.042633,2.856470,2.2916354
5.3,2,6.042633,5.233672,-2.3361522
5.4,2,6.042633,5.256349,-1.6089880
6.0,1,6.042633,5.515523,-0.8535037
5.2,2,6.042633,4.955052,-1.7093135
5.3,1,6.042633,5.080969,-1.0181850
5.1,1,6.042633,5.607125,-2.2889781
5.2,1,6.042633,5.430880,-1.8256059
6.5,1,6.042633,5.337634,-0.2249201
5.1,1,6.042633,5.340083,-1.7396035
4.8,1,6.320768,5.445443,-2.1259463
5.4,2,6.320768,5.273768,-1.2128454
4.9,2,6.320768,5.276838,-2.2207286
5.0,1,6.320768,3.053057,1.8354254
6.1,1,6.320768,4.228584,2.8858058
5.4,3,6.320768,4.243626,1.6057311
6.0,1,6.320768,4.129068,2.4405193
5.3,1,6.320768,4.934258,0.1283053
5.1,1,6.320768,4.099000,1.7567539
5.2,1,6.320768,5.527721,-1.3929162
5.1,1,6.018593,5.362324,-1.7052332
5.4,2,6.018593,5.548570,-1.0128016
5.3,1,6.018593,4.860510,0.2390169
5.1,1,6.018593,5.145050,0.1770577
6.5,1,6.018593,4.770006,2.1757285
5.1,1,6.018593,4.789240,0.6505528
5.3,1,5.950643,5.678089,-1.6349096
5.2,2,5.950643,4.864221,0.6652620
5.9,2,5.950643,5.511976,0.1352299
6.1,3,5.950643,5.620654,-0.8272730
5.5,1,5.950643,5.662995,-2.0848160
5.4,2,6.165418,3.202746,1.8700160
5.2,3,6.165418,3.977811,3.3210352
6.4,3,6.165418,3.532226,4.7768520
6.6,3,6.165418,4.817051,4.3828763
6.8,3,6.165418,3.621671,4.2019875
6.5,0,6.165418,3.701302,3.7968590
6.2,1,6.165418,3.925926,3.1888289
4.7,1,6.165418,4.449685,0.2276135
4.9,3,6.165418,4.458988,0.7574826
4.7,3,6.165418,4.423648,-0.3132871
4.4,1,6.165418,4.348987,0.0064790
4.5,3,6.165418,4.455509,-0.6703099
4.6,3,6.165418,4.010963,1.1093214
4.7,3,6.165418,4.218036,0.7598240
4.6,3,6.165418,4.207673,0.9509240
4.9,3,6.165418,4.352855,0.6705436
4.8,3,6.165418,4.310799,0.6096025
4.9,3,6.165418,4.530447,0.6323350
6.4,2,6.295266,4.308111,3.1817968
4.6,0,6.295266,3.173878,2.6519736
5.2,2,6.066108,4.840875,0.1682226
5.2,2,6.066108,5.300864,-0.2944784
5.4,2,6.066108,5.288267,-0.2806403
6.2,1,6.066108,5.187106,1.2398803
5.4,3,6.066108,5.675383,-0.4984689
6.3,3,6.066108,5.394672,-0.2100669
6.1,2,6.066108,5.353657,-0.4575535
5.3,3,6.066108,5.445184,-2.0039631
6.1,3,6.066108,3.741235,4.4697398
5.5,1,6.066108,3.988243,3.7148639
5.4,2,6.066108,4.167750,1.8329654
5.2,2,4.919981,5.377221,-2.9205877
6.2,1,4.919981,4.075671,2.8786927
6.1,3,4.919981,5.594116,-1.3864544
5.5,1,4.919981,5.622898,-2.2688602
5.2,2,6.079933,5.190008,-1.3733386
5.4,2,6.079933,5.177110,-1.2084495
6.2,1,6.079933,5.330349,-0.1409071
5.4,3,6.079933,5.575457,-2.0563502
5.3,3,6.079933,5.568268,-2.4038540
6.1,2,6.079933,5.215425,-1.4905888
5.0,3,6.079933,4.659564,-2.1441294
5.3,3,6.079933,5.322034,-2.9791505
6.1,3,6.079933,2.745346,3.6632026
5.5,1,6.079933,3.355153,2.2942807
5.4,2,6.079933,3.727379,1.3574575
5.3,1,6.216606,5.129780,-1.3162088
5.1,1,6.216606,5.636288,-2.5640278
5.2,2,6.216606,4.498920,0.4408323
5.3,2,6.216606,4.469580,0.3217211
5.0,1,6.216606,5.688195,-1.7513472
5.8,1,6.216606,5.142131,0.7732976
5.4,2,6.216606,5.652665,-3.7913552
6.9,1,6.216606,4.643333,2.3988040
5.2,2,6.216606,4.908603,-0.5056557
5.3,2,6.216606,5.582556,-2.5857441
5.2,1,6.216606,5.582481,-3.0228774
5.1,2,6.216606,5.615170,-2.8961585
5.3,1,6.216606,5.588110,-2.6827773
5.8,1,6.204558,5.102667,1.4567295
4.8,1,6.204558,5.542087,-1.1018977
5.4,2,6.204558,4.778955,1.2011990
4.9,2,6.204558,4.816565,-0.6987227
5.3,2,6.204558,4.755399,0.6120998
5.2,2,6.204558,5.030438,-0.0075686
5.3,1,6.204558,5.552766,-1.2239715
5.3,2,6.204558,4.013677,2.0285824
5.2,1,6.204558,4.015842,2.7786329
5.1,2,6.204558,5.228217,-0.9547977
5.3,1,6.204558,4.073121,2.6691015
5.2,3,6.463029,2.766319,3.1018475
6.4,3,6.463029,4.513055,2.5920406
6.6,3,6.463029,4.328098,4.1797268
5.8,3,6.480045,3.956423,1.5450914
4.8,1,6.480045,4.968771,-0.4276954
5.0,1,6.480045,4.485598,-0.2095489
6.0,1,6.480045,5.002738,0.4177230
5.3,1,6.480045,5.239893,-1.0193761
5.1,1,6.480045,4.986821,-0.7685391
5.3,2,6.480045,5.378514,-1.7934208
5.2,1,6.480045,5.385412,-1.5819687
5.3,1,6.480045,5.373935,-1.5059792
6.5,1,6.480045,5.110903,1.0133811
5.1,1,6.480045,5.199160,-1.8726876
6.6,3,6.572283,4.333361,2.6238712
4.5,2,6.447306,3.558201,2.0349932
4.2,1,6.447306,3.561046,2.3161921
4.3,2,6.447306,2.525729,2.5315517
4.5,2,6.447306,4.056989,0.3187446
4.3,1,6.447306,2.054124,3.6098633
5.1,3,6.447306,4.959342,0.1840700
4.1,2,6.447306,5.557986,1.2481237
6.8,3,6.447306,4.773224,2.9484834
6.5,0,6.447306,4.584967,2.1568076
6.2,1,6.447306,4.641502,1.3555516
6.4,1,6.447306,5.422303,0.1102884
5.6,3,6.447306,4.487512,0.2722384
4.8,2,6.270988,3.194583,2.5134941
5.6,2,6.297109,3.935740,2.9189592
5.4,2,6.297109,3.377588,2.7164151
4.9,2,6.297109,3.311637,1.5789787
5.3,2,6.297109,3.391820,2.5560638
6.0,1,6.297109,5.230788,0.1100196
5.2,2,6.297109,4.958710,-1.4112430
5.3,1,6.297109,4.706011,0.6505528
5.1,1,6.297109,5.303106,-1.6676498
5.3,2,6.297109,4.475517,1.4374864
5.2,1,6.297109,4.482211,0.9609199
5.3,1,6.297109,4.457598,0.0793656
6.5,1,6.297109,5.087349,1.0032388
5.1,1,6.297109,5.088707,-1.2748603
6.5,2,5.726848,4.287716,3.3661227
5.2,2,5.726848,3.459466,3.1640394
6.4,1,5.710427,5.190732,1.7668518
6.4,1,5.771441,5.173321,1.5538618
5.4,2,5.746203,4.663250,0.9229485
4.9,2,5.746203,4.651767,-0.5893639
5.3,2,5.746203,4.650335,0.0890177
6.1,1,5.746203,5.377267,1.6133502
5.4,3,5.746203,5.445961,-0.0208866
6.0,1,5.746203,5.427282,0.8628900
5.2,2,5.746203,4.498920,0.0924880
5.3,1,5.746203,4.905275,1.6043048
5.1,1,5.746203,5.509024,-0.8418560
5.3,2,5.746203,4.921002,0.1677154
5.2,1,5.746203,4.926239,0.2429462
5.3,1,5.746203,4.921585,-0.4998197
6.5,1,5.746203,5.258276,1.8560948
5.1,1,5.746203,5.257443,0.1157365
5.2,2,6.095825,5.006627,0.0951283
5.3,2,6.095825,4.990637,-0.3187463
5.4,2,6.095825,4.663156,0.7244520
4.9,2,6.095825,4.651481,-0.5142314
5.3,2,6.095825,4.650430,0.0430595
6.0,1,6.095825,5.423407,0.9002426
5.1,1,5.598422,5.396442,-1.4030744
5.2,2,5.598422,4.997483,-0.1561510
5.3,2,5.598422,4.981550,-0.3824324
5.8,1,5.598422,5.568955,-0.6537534
5.0,1,5.598422,5.460139,-1.8997902
6.1,1,5.598422,5.378052,1.3748795
6.0,1,5.598422,5.512824,0.7163265
6.9,1,5.598422,5.512824,1.4172115
5.2,2,5.598422,4.494574,0.2678109
5.3,1,5.598422,4.906903,1.8213668
5.1,1,5.598422,5.509469,-0.9103832
5.3,2,5.598422,4.914712,0.3739744
5.2,1,5.598422,4.919981,0.4256598
5.3,1,5.598422,4.915298,-0.2760170
6.5,1,5.598422,5.259525,1.8577657
5.1,1,5.598422,5.258693,-0.0177567
5.0,1,5.598422,5.182626,-0.4461152
5.0,1,5.598422,5.360353,-0.6376557
5.0,1,5.517453,3.268047,2.9340164
6.1,1,5.517453,4.389250,2.9106100
5.4,3,5.517453,4.384773,1.2297575
5.3,1,5.517453,4.669552,1.2813504
5.1,1,5.517453,4.383401,1.1777623
5.3,2,5.517453,5.306583,-0.7951135
5.2,1,5.517453,5.313157,-0.5689845
5.3,1,5.517453,5.300565,-0.4031229
6.5,1,5.517453,4.441592,3.0116548
5.1,1,5.517453,4.585478,0.7487238
5.0,1,5.517453,4.527641,0.6819851
7.0,3,5.497168,4.074142,4.0916910
4.7,1,5.497168,2.791165,5.2844720
5.4,1,5.497168,2.772589,4.9136103
4.8,1,5.497168,3.034953,3.8280108
5.1,1,5.497168,2.653242,4.0661851
5.2,1,5.497168,2.694627,3.5773052
6.2,1,5.497168,2.839078,5.9450017
4.4,1,5.497168,2.760010,3.6918999
4.8,1,5.497168,2.995732,5.1740571
5.4,3,5.497168,1.840550,4.9671709
4.9,3,5.497168,2.660260,4.1148332
4.1,1,5.497168,3.526361,4.8720626
4.9,1,5.497168,3.190476,3.1484963
4.5,1,5.497168,2.041220,4.4640673
6.4,1,5.497168,4.677491,3.7693759
5.0,3,5.739793,5.101937,-0.3104322
5.8,3,5.739793,5.485792,-0.4652310
5.0,1,5.739793,4.716980,-0.0067225
5.4,3,5.739793,4.231785,1.3502785
6.0,1,5.739793,4.104790,2.4436505
5.2,2,5.739793,5.569413,-1.4471490
5.3,1,5.739793,3.545009,3.0468055
5.1,1,5.739793,4.448984,1.4014292
5.2,1,5.739793,5.456858,-0.7169687
5.3,1,5.739793,5.446522,-0.9607391
6.5,1,5.739793,2.996232,4.5438266
5.1,1,5.739793,3.051640,4.0691806
5.8,3,5.673323,2.104134,6.0422290
5.0,1,5.673323,2.906901,4.4048883
4.7,1,5.673323,2.797281,4.9004483
5.3,3,5.673323,3.998201,4.6514811
5.4,1,5.673323,2.772589,5.1988837
4.8,1,5.673323,3.034953,4.3420636
5.1,1,5.673323,2.660260,4.3850471
5.2,1,5.673323,2.701361,3.3721461
5.1,1,5.673323,2.797281,2.5832426
5.5,1,5.673323,3.005683,4.1979235
4.8,1,5.673323,3.226844,2.5372619
6.4,1,5.673323,4.678421,3.8730327
5.1,1,6.270988,5.473488,-2.5667329
5.2,2,6.270988,4.553245,0.2713240
5.3,2,6.270988,4.589346,-0.0678507
5.0,1,6.270988,5.533152,-1.4981202
5.8,1,6.270988,3.651178,2.7983174
6.9,1,6.270988,3.650139,4.2381996
5.2,2,6.270988,4.982647,-0.5566776
5.3,2,6.270988,5.309554,-1.6324507
5.2,1,6.270988,5.315125,-1.4846131
5.1,2,6.270988,4.957656,-0.8311916
5.3,1,6.270988,5.332960,-1.4351065
5.7,1,6.011267,4.608166,2.3885793
4.8,1,6.011267,4.332048,2.0156361
4.7,1,6.011267,3.779634,1.6219789
4.6,1,6.011267,3.650658,1.2546184
4.9,1,6.011267,5.450180,0.0741794
4.2,1,6.011267,3.939638,0.7396967
5.1,1,6.011267,4.933034,0.1518623
4.4,1,6.011267,3.206803,2.6856683
4.8,1,6.011267,4.309456,1.0969776
4.4,2,6.011267,3.655840,1.8771417
4.2,1,6.011267,4.518522,0.8472836
5.1,1,6.011267,4.898586,0.2512255
4.5,2,6.011267,4.890349,0.0365248
5.3,2,6.011267,4.655863,1.1054224
5.3,1,6.011267,4.400603,2.2419005
5.2,2,5.950643,4.910078,0.7239673
5.3,2,5.950643,5.261913,-0.7295208
5.2,1,5.950643,5.267910,-0.7822189
5.1,2,5.950643,4.991588,-0.3518722
5.3,1,5.950643,5.285739,-0.6650458
5.4,3,6.059123,5.682355,-2.0886034
6.0,1,6.059123,5.649361,-1.2994563
5.2,2,6.059123,5.368869,-3.0229801
5.3,1,6.059123,5.351337,-1.5075584
6.5,1,6.059123,5.500319,-0.4311368
5.1,1,6.059123,5.504152,-2.1015236
5.3,2,6.270988,5.398163,-1.8313322
5.2,1,6.270988,5.399836,-2.3132417
5.3,1,6.270988,5.402047,-1.7733696
5.1,1,5.768321,5.554238,-2.5058035
5.2,2,5.768321,5.311924,-1.6101882
5.4,2,5.768321,5.304200,-1.6593637
5.2,2,5.768321,5.587211,-2.5588977
5.8,3,5.768321,5.478929,-1.5932693
5.8,1,5.768321,5.516971,-0.9127470
4.8,1,5.768321,5.088830,-0.4941816
5.4,2,5.768321,5.048060,-0.0409783
5.3,2,5.768321,5.050625,-0.8939668
5.0,1,5.768321,5.597977,-3.3699895
5.2,2,5.768321,5.522420,-2.1196804
5.3,1,5.768321,5.659273,-1.9609832
5.3,2,5.768321,4.741273,0.1641576
5.2,1,5.768321,4.740924,0.3811724
5.3,1,5.768321,4.741448,1.0170406
6.0,1,5.517453,1.850028,6.4096649
5.3,1,5.517453,4.570993,1.6850091
5.1,1,5.517453,2.507157,4.8812097
5.2,1,5.517453,5.572572,-1.3465353
5.3,1,5.517453,5.562795,1.8732626
6.5,1,5.517453,3.397858,4.9736946
5.1,1,5.517453,3.876189,2.2013715
5.0,1,5.517453,2.580217,4.3127837
4.8,1,5.517453,2.533697,4.8767229
6.6,3,5.517453,4.218036,2.9555871
4.5,1,5.517453,2.332144,4.3844113
4.8,1,5.517453,2.541602,3.8685517
4.7,1,5.517453,2.406945,3.8766652
4.8,3,5.517453,2.351375,3.5139902
4.4,1,5.517453,2.839078,2.5844503
4.1,1,5.517453,3.161247,3.2209537
6.2,1,5.517453,4.238445,4.6169011
5.4,3,5.517453,4.136765,2.2368405
4.6,1,5.517453,3.716008,2.7722137
4.4,1,5.517453,3.526361,1.8789917
5.0,3,5.517453,2.639057,4.4770299
4.4,1,5.517453,3.288402,2.5073202
5.7,3,5.517453,4.301359,2.5580797
4.4,1,5.517453,2.639057,3.5294440
4.3,1,5.517453,2.197225,2.0782659
4.3,1,5.517453,2.862201,2.4049612
4.5,1,5.517453,2.533697,2.1736830
4.5,2,5.517453,1.308333,4.4296614
5.1,3,5.517453,4.371976,2.0544570
4.0,2,5.517453,3.000720,3.3862529
4.3,1,5.517453,2.660260,3.6295275
6.4,1,5.517453,4.529368,3.5755708
5.1,1,5.517453,3.126761,3.6806709
5.3,2,5.517453,5.568383,-1.2378744
5.3,1,5.517453,5.562987,-1.8712573
6.5,1,5.517453,3.403528,4.5939373
5.1,1,5.517453,3.879500,1.7752235
5.0,1,5.517453,4.286616,0.9054320
5.0,1,5.517453,3.342155,3.7560006
6.1,1,5.517453,0.943906,6.2225366
6.4,1,6.124683,5.023881,2.3115448
5.4,1,5.891644,4.050044,0.5824949
6.2,1,5.891644,3.914021,2.0060775
4.5,3,5.891644,4.332048,-1.8621390
4.6,3,5.891644,4.210645,-0.9962272
4.4,3,5.891644,4.075841,-1.7947439
5.4,3,5.891644,4.574711,0.1519483
4.9,3,5.891644,4.467057,-0.9871425
4.5,3,5.891644,4.430817,-1.8234359
4.9,3,5.891644,4.579852,-0.6890356
4.7,1,5.891644,4.470495,-0.8860525
4.9,3,5.891644,4.494239,-0.9220825
4.7,3,5.891644,4.453184,-1.8275939
4.4,1,5.891644,4.361824,-0.9732051
4.6,3,5.891644,3.832980,-0.2021774
4.7,3,5.891644,4.207673,-0.3370964
4.6,3,5.891644,4.218036,-0.3668552
4.9,3,5.891644,4.384524,-0.1866429
4.9,3,5.891644,4.573680,-0.5420239
5.1,1,6.139885,4.436515,0.2124465
5.0,3,6.139885,4.999911,-1.8943239
5.8,3,6.139885,5.396396,-1.6677558
5.3,2,6.139885,5.099073,-2.0857816
5.0,1,6.139885,4.515683,-0.6212917
6.1,1,6.139885,3.607398,3.3562349
5.4,3,6.139885,4.010057,1.8861450
6.0,1,6.139885,3.878880,2.9839633
5.2,2,6.139885,5.584323,-3.4578312
5.3,1,6.139885,3.638112,2.3226818
5.1,1,6.139885,4.269138,1.3080084
5.3,2,6.139885,5.419340,-1.9941450
5.2,1,6.139885,5.423495,-2.5695630
5.0,3,5.886104,5.146447,-0.4756837
5.8,3,5.886104,4.424367,1.5659039
4.8,1,5.886104,4.827754,0.0159718
5.4,2,5.886104,4.983470,0.0001000
4.9,2,5.886104,5.008099,-0.9165158
5.3,2,5.886104,5.023420,-0.6673625
5.0,1,5.886104,4.724818,-0.1606853
5.4,3,5.886104,5.170314,-0.4820114
6.0,1,5.886104,5.173491,1.2753069
5.3,1,5.886104,5.236655,0.4759857
5.1,1,5.886104,5.152424,-0.4689482
5.3,2,5.886104,5.172414,-0.1157925
5.2,1,5.886104,5.180940,-0.1195496
5.3,1,5.886104,5.164329,-0.1806470
6.5,1,5.886104,5.201751,1.8672997
5.1,1,5.886104,5.267858,-0.7981078
5.0,1,5.929589,5.667153,-1.6157075
5.2,2,5.929589,5.500850,-0.8631766
5.2,2,5.929589,4.528829,1.8442096
5.4,2,5.929589,4.517104,1.8020398
5.8,3,5.929589,5.509834,-0.7967537
5.4,3,5.929589,5.364994,-0.1030188
5.3,3,5.929589,5.365509,-0.7084233
4.8,1,5.929589,4.845918,0.5471383
6.3,3,5.929589,5.534930,-0.3416737
6.1,2,5.929589,5.559181,-0.3949704
5.4,2,5.929589,5.558256,-1.2640413
5.3,2,5.929589,5.422524,-0.9436105
5.2,1,5.929589,5.422348,-0.6426632
5.3,3,5.929589,5.644563,-1.9284731
5.1,1,5.998937,5.375417,-2.7464377
5.2,2,5.998937,5.252116,-1.4320451
5.4,2,5.998937,5.254888,-1.4657706
5.8,3,5.998937,4.813159,-0.6593643
5.4,3,5.998937,5.409367,-2.0117081
5.3,3,5.998937,5.422082,-2.9640786
4.8,1,5.998937,2.995732,1.9951900
5.4,2,5.998937,5.394582,-2.6102250
5.3,2,5.998937,5.406544,-3.2702481
5.0,1,5.998937,5.404118,-3.4605016
6.1,1,5.998937,5.651541,-1.3405183
5.4,3,5.998937,5.657669,-3.1390485
5.3,1,5.998937,5.695313,-2.5054604
5.1,1,5.998937,5.640985,-3.2090740
5.3,2,5.998937,5.389985,-2.6175287
5.2,1,5.998937,5.389483,-2.5101260
5.3,1,5.998937,5.378468,-2.0616802
5.8,1,5.768321,5.502400,0.7255660
4.8,1,5.768321,5.143358,0.5717702
5.4,2,5.768321,4.731627,1.9281534
4.9,2,5.768321,4.782898,0.2940865
5.3,2,5.768321,4.735848,1.1262275
6.0,1,5.768321,5.664487,0.2728476
5.2,2,5.768321,5.388158,-0.3166578
5.3,1,5.768321,5.502930,-0.2728066
5.1,1,5.768321,5.672808,-0.9563838
5.1,2,5.768321,5.502686,-1.6045996
5.3,1,5.768321,4.342116,2.5084604
6.5,1,5.768321,5.631033,0.7227060
5.1,1,5.768321,5.640417,-1.3494226
5.9,2,6.626718,3.561046,4.3007759
6.4,2,6.626718,3.346389,4.2039759
5.6,2,6.626718,3.284664,2.9296459
5.6,2,6.626718,2.734368,3.8349692
4.8,1,5.723585,5.518055,-1.6125929
5.4,2,5.723585,4.718677,0.2831468
4.9,2,5.723585,4.707366,-0.3638866
5.3,2,5.723585,4.747017,-0.1716547
5.0,1,5.723585,4.247495,1.0040818
5.4,3,5.723585,4.481759,1.5676571
6.0,1,5.723585,4.477791,2.6776597
5.2,2,5.723585,5.497865,-1.2824750
5.3,1,5.723585,4.150725,3.4349223
5.1,1,5.723585,4.583947,1.2878819
5.3,2,5.723585,5.157790,-0.2657510
5.2,1,5.723585,5.164329,-0.2809183
5.3,1,5.723585,5.149585,-0.5626980
6.5,1,5.723585,4.340032,3.4947788
5.1,1,5.723585,4.382027,1.5773898
6.4,1,4.510860,3.280911,4.1380105
4.8,1,6.084499,4.787075,-0.5714607
5.4,2,6.084499,5.394264,-2.2325927
5.3,2,6.084499,5.422922,-3.0111302
5.3,1,6.084499,5.463323,-2.0070093
5.1,1,6.084499,5.207024,-2.3782789
5.3,2,6.084499,5.526767,-2.5543725
5.2,1,6.084499,5.532757,-2.3658870
5.3,1,6.084499,5.520420,-2.4525827
5.1,1,6.084499,5.414009,-3.1017819
5.0,1,6.084499,5.363309,-3.1123110
5.2,2,6.282267,5.507849,-1.9750095
5.3,2,6.282267,5.494377,-2.1751598
5.4,2,6.282267,5.156523,0.0475513
5.3,2,6.282267,5.159572,-0.7671167
6.1,1,6.282267,5.087349,1.0142519
5.4,3,6.282267,5.198884,-0.6184851
6.0,1,6.282267,5.152656,0.2241830
5.3,1,6.282267,4.528505,0.4391577
5.1,1,6.282267,5.287054,-1.1683805
5.3,2,6.282267,5.424157,-0.4247091
5.2,1,6.282267,5.427985,-1.1254081
5.3,1,6.282267,5.420579,-1.7681992
6.5,1,6.282267,4.884165,1.1225892
5.1,1,6.282267,4.891251,-0.0315010
5.0,1,6.282267,4.704382,-0.6554661
5.2,2,6.075346,5.641730,-2.4789763
5.3,2,6.075346,5.608152,-2.9627231
5.2,1,6.075346,5.609765,-2.4657748
5.1,2,6.075346,3.433342,2.6815009
5.3,1,6.075346,5.622825,-2.2017448
5.2,2,6.040255,5.167411,-1.1491690
5.3,2,6.040255,5.140376,-1.1642394
5.4,2,6.040255,5.392900,-1.4335118
5.3,2,6.040255,5.387106,-2.2305435
6.9,1,6.040255,5.605986,0.7713112
5.2,2,6.040255,4.910225,-0.9783523
5.3,1,6.040255,5.319736,-0.4426220
5.3,2,6.040255,5.505900,-1.7118583
5.2,1,6.040255,5.508335,-1.8450337
5.3,1,6.040255,5.507403,-2.3274312
6.5,1,6.040255,5.531213,0.1153802
5.6,1,5.942799,2.923162,3.8622654
5.3,2,5.942799,2.251292,4.6238938
5.6,2,5.942799,3.523415,2.1001874
6.4,1,5.942799,3.490429,4.0504275
5.5,2,5.942799,1.930071,4.2700890
5.4,2,5.942799,2.403335,4.3261967
4.4,2,6.139885,4.771532,-0.6621331
4.5,2,6.139885,5.227358,-2.4528965
4.9,2,6.139885,4.967728,-1.0031021
4.8,2,6.139885,4.162003,1.2318020
4.8,2,6.139885,4.141546,0.6377930
5.3,3,6.139885,5.623512,-2.9574928
4.8,1,6.139885,5.387655,-2.3247285
6.1,2,6.139885,5.677746,-2.0051507
5.0,3,6.139885,5.654907,-4.1864599
5.3,2,6.139885,5.476338,-2.6039605
5.2,1,6.139885,5.476380,-2.2324063
6.1,3,6.139885,5.445055,-0.3978839
5.5,1,6.139885,5.497209,-1.7307584
5.3,1,6.139885,5.481180,-1.5510747
5.4,2,6.139885,5.544161,-1.9063626
5.2,2,6.016157,4.554613,0.7845406
5.3,2,6.016157,4.502140,1.0220192
5.4,2,6.016157,5.533231,-2.3801683
5.3,2,6.016157,5.531292,-2.7168891
6.9,1,6.016157,5.098158,2.8808263
5.2,2,6.016157,4.651099,-0.3042316
5.3,1,6.016157,5.695044,-1.3753940
5.3,2,6.016157,5.517332,-1.8878960
5.2,1,6.016157,5.518095,-2.0579932
5.3,1,6.016157,5.521861,-2.3358524
5.0,3,6.013715,5.406050,-1.7258594
5.3,2,6.013715,5.648763,-2.7054685
5.8,3,6.013715,4.997347,-0.3521282
4.8,1,6.013715,4.999844,0.6052991
5.4,2,6.013715,4.526776,0.9191666
4.9,2,6.013715,4.563619,0.0078690
5.0,1,6.013715,4.990705,-0.9437133
5.4,3,6.013715,5.307525,-1.0767236
6.0,1,6.013715,5.319981,0.5514108
5.2,2,6.013715,5.491290,-2.3799522
5.3,1,6.013715,5.192735,-0.1674605
5.1,1,6.013715,5.315174,-0.8703140
5.3,2,6.013715,4.717427,0.6382157
5.2,1,6.013715,4.730745,0.5652002
6.5,1,6.013715,5.285789,1.1465449
5.1,1,6.013715,5.320226,-0.8089397
4.4,2,6.139885,4.089332,1.0994786
5.2,2,6.139885,4.506454,1.3299621
4.7,2,6.139885,4.535820,0.6228856
4.5,2,6.139885,3.841601,1.0549042
5.2,2,6.270988,5.489599,-2.2517969
5.4,2,6.270988,5.483759,-2.2637491
5.2,2,6.270988,5.480764,-2.2437503
5.3,2,6.270988,5.489351,-2.7400054
5.8,3,6.270988,5.430617,-1.6135965
5.8,1,6.270988,5.487159,-0.3012402
4.8,1,6.270988,5.161753,-1.2190526
5.3,2,6.270988,4.741535,0.2751286
5.0,1,6.270988,5.479847,-2.4512011
5.4,3,6.270988,5.669398,-2.3944921
6.0,1,6.270988,5.646153,-0.8256505
6.9,1,6.270988,5.646153,0.3065284
5.2,2,6.270988,5.379298,-1.6173189
5.3,1,6.270988,5.510198,-1.1772984
5.1,1,6.270988,5.683035,-2.2561787
5.3,2,6.270988,4.336114,1.5668853
5.2,1,6.270988,4.335328,1.6712101
5.3,1,6.270988,4.327438,2.2115766
6.5,1,6.270988,5.640346,-0.0702186
5.1,1,6.270988,5.648622,-2.4221460
5.0,1,6.270988,5.670088,-2.8367305
5.1,1,6.035481,5.025590,-0.7122688
5.8,3,6.035481,4.916691,-0.2126983
4.8,1,6.035481,4.775588,1.3075758
5.3,2,6.035481,4.819555,-0.9539407
5.0,1,6.035481,5.089570,-1.6410834
6.1,1,6.035481,5.398932,0.1433208
5.4,3,6.035481,5.399338,-1.4695021
5.3,1,6.035481,5.338211,-1.0975728
5.1,1,6.035481,5.398570,-1.2124083
5.3,2,6.035481,4.873975,0.3411754
5.2,1,6.035481,4.879539,0.0865446
5.3,1,6.035481,4.854917,0.2007343
6.5,1,6.035481,5.393036,0.4729368
5.1,1,6.035481,5.432411,-1.8375312
5.8,3,5.942799,4.844108,0.9946212
5.4,3,5.942799,5.322668,-0.7700930
4.8,1,5.942799,1.022451,3.6307735
5.4,2,5.942799,5.479555,-1.2426790
4.9,2,5.942799,5.495199,-2.1418277
5.1,1,5.942799,5.686263,-2.1167696
5.3,2,5.942799,5.472271,-1.0784274
5.2,1,5.942799,5.471850,-1.5279501
5.3,1,5.942799,5.462008,-1.0192375
5.2,2,6.184149,1.991976,4.6715196
5.2,2,6.184149,5.264761,-1.2380813
5.4,2,6.184149,5.247761,-1.5349800
6.2,1,6.184149,5.095038,1.3304380
5.4,2,6.184149,5.159572,-0.3881804
5.2,2,6.242223,4.886130,-0.9064889
5.3,2,6.242223,4.854215,-0.9984503
5.8,1,6.242223,5.453653,-0.9076779
6.9,1,6.242223,5.121341,1.3842423
5.2,2,6.242223,5.063291,-1.5367452
5.2,2,6.156979,4.746496,-0.1201809
5.3,2,6.156979,4.702115,0.0078690
5.8,1,6.156979,5.519459,-0.9924701
6.9,1,6.156979,5.315863,1.5753846
5.2,2,6.156979,4.548282,0.0534460
5.3,1,6.156979,5.522221,-1.4502570
5.3,2,6.156979,5.448933,-1.8840063
5.2,1,6.156979,5.450523,-2.0890879
6.8,1,6.378426,4.034241,4.5574809
5.1,1,6.378426,2.949688,4.6894194
5.1,2,6.139885,1.902108,4.3158735
5.0,1,5.950643,2.351375,3.4141465
5.2,1,5.950643,2.985682,3.2700251
4.6,1,5.950643,3.015535,4.2865202
5.3,1,5.950643,3.496508,4.2241001
5.6,1,5.950643,1.722767,5.1692901
4.6,1,5.950643,1.740466,4.1404804
6.4,2,5.950643,2.694627,3.5006203
6.4,1,5.950643,2.687847,4.7898224
5.3,1,5.934894,3.505557,3.8917183
5.6,1,5.934894,1.589235,5.7132376
4.6,1,5.934894,1.757858,3.1951567
6.4,2,5.934894,2.639057,4.4200447
6.4,1,5.934894,2.714695,4.6237957
6.4,2,5.774552,2.646175,3.6911020
5.6,2,5.774552,3.797734,2.4830716
6.4,1,5.774552,2.778819,4.4444027
4.8,1,5.857933,5.398163,-0.6887967
5.4,2,5.857933,4.522875,1.0581722
4.9,2,5.857933,4.526127,0.1214209
5.3,2,5.857933,4.570993,0.3056448
5.0,1,5.857933,4.373616,1.0225229
6.1,1,5.857933,4.707546,2.1889123
5.4,3,5.857933,4.751346,0.7252271
6.0,1,5.857933,4.760121,2.0725428
5.2,2,5.857933,5.470168,-1.9907715
5.3,1,5.857933,4.514917,1.3851437
5.1,1,5.857933,4.806477,0.5942104
5.2,1,5.857933,5.020718,-0.1684305
5.3,1,5.857933,5.003678,-0.0583815
6.5,1,5.857933,4.676467,2.5900922
5.1,1,5.857933,4.719570,0.2758119
5.4,2,6.047372,4.444179,0.6888379
5.3,2,6.047372,4.493903,0.1178719
5.4,3,6.047372,4.786491,0.0778865
6.0,1,6.047372,4.791069,1.3069264
5.3,1,6.047372,4.484358,1.0039719
5.1,1,6.047372,4.848116,0.1394141
5.3,2,6.047372,4.971756,-0.6984412
5.2,1,6.047372,4.980245,-0.6702318
6.5,1,6.047372,4.701026,2.0215873
5.1,1,6.047372,4.728361,0.4276179
5.0,2,5.010635,3.817712,2.5152742
6.0,3,5.010635,4.231204,2.5385264
5.0,1,5.010635,2.351375,3.3899679
5.2,1,5.010635,2.985682,3.1334922
4.6,1,5.010635,3.015535,4.1715679
5.3,1,5.010635,3.496508,3.9553124
5.6,1,5.010635,1.740466,4.9807945
4.6,1,5.010635,1.740466,3.5613017
5.3,2,5.010635,3.131137,2.5793073
6.4,2,5.010635,2.701361,3.5383182
4.5,2,5.283204,3.496508,2.2302939
4.7,1,5.283204,0.095310,3.9649000
4.9,2,5.283204,3.566712,2.2376518
4.8,3,5.283204,4.231204,2.0785662
4.3,1,5.283204,2.990720,4.2324384
6.2,1,5.283204,4.829113,2.3975316
4.1,1,5.283204,3.306887,2.1487110
4.2,1,5.283204,2.617396,3.1940092
5.5,3,5.283204,4.523960,1.8780289
5.5,3,5.283204,4.503137,1.7045663
5.7,3,5.283204,4.487512,2.1169179
4.6,1,5.283204,3.054001,4.3194861
4.5,1,5.283204,3.169686,3.0835142
6.4,1,5.283204,2.639057,5.0716050
4.5,1,5.283204,3.299534,2.5359166
4.1,1,5.283204,3.407842,2.4386882
5.5,2,5.283204,3.162517,2.4965882
5.4,2,5.283204,3.299903,2.8287327
5.0,1,6.163315,5.413074,-1.6427879
5.3,2,6.163315,4.998158,-0.2414730
5.3,1,6.163315,4.989207,-0.0852965
6.5,1,6.163315,4.677305,2.5678682
5.1,1,6.163315,4.712409,0.4617824
5.0,1,6.163315,4.787492,0.3954821
5.0,1,6.163315,4.750655,0.2188142
5.1,1,5.283204,4.702297,0.4207477
5.0,1,5.283204,4.733739,0.1752969
5.8,1,5.846439,5.476798,-0.2898177
4.8,1,5.846439,5.182121,-1.0524542
5.4,2,5.846439,4.704472,0.5369026
4.9,2,5.846439,4.757634,-0.9718563
5.3,2,5.846439,4.707095,0.0177417
6.0,1,5.846439,5.667672,-0.6404029
5.2,2,5.846439,5.358801,-1.8001748
5.3,1,5.846439,4.266475,1.6279260
6.5,1,5.846439,5.632967,-0.3659175
5.1,1,5.846439,5.639955,-2.5538067
5.8,3,5.966147,3.536893,2.4051417
4.8,1,5.966147,4.680092,0.8578562
5.4,2,5.966147,5.290033,-1.1646239
5.0,1,5.966147,4.848900,-0.2445204
6.0,1,5.966147,5.226499,0.5033780
5.3,1,5.966147,5.418852,-0.1270609
5.1,1,5.966147,5.217975,-0.7554482
5.2,1,5.966147,5.431930,-1.4312917
5.3,1,5.966147,5.417788,-1.5039074
6.5,1,5.966147,5.321741,1.8782429
5.1,1,5.966147,5.394627,-1.1895441
5.4,2,5.768321,4.720729,1.4780300
4.9,2,5.768321,4.772209,-0.0816657
5.3,2,5.768321,4.726148,0.5194483
6.0,1,5.768321,5.653576,-0.5728251
5.3,1,5.768321,5.493720,-1.0357502
5.1,1,5.768321,5.661327,-1.9152840
5.3,2,5.768321,4.365262,1.6036411
5.2,1,5.768321,4.364499,1.5259041
5.1,2,5.768321,5.518336,-2.2710864
5.3,1,5.768321,4.351825,2.0010610
6.5,1,5.768321,5.620220,0.0529719
5.1,1,5.768321,5.630566,-2.2283128
5.8,1,6.013715,5.507484,0.9468199
5.4,2,6.013715,4.730392,2.1090853
4.9,2,6.013715,4.781641,0.4457750
5.3,2,6.013715,4.735057,1.1555911
6.0,1,6.013715,5.661605,0.1740373
5.2,2,6.013715,5.391489,-0.4185655
5.3,1,6.013715,5.500932,-0.0201619
5.1,1,6.013715,5.669674,-0.7657394
5.3,2,6.013715,4.360420,1.8907598
5.2,1,6.013715,4.359653,1.8455214
5.1,2,6.013715,5.507686,-1.2476809
5.3,1,6.013715,4.348599,2.4595034
6.5,1,6.013715,5.628232,0.7962451
5.1,1,6.013715,5.637963,-1.1114240
5.4,2,6.021023,4.711870,0.9308246
4.9,2,6.021023,4.764053,-0.8576917
5.3,2,6.021023,4.716622,0.2725431
6.0,1,6.021023,5.655222,-0.7983522
5.2,2,6.021023,5.385045,-1.8863779
5.3,1,6.021023,5.492485,-1.2025405
5.1,1,6.021023,5.663655,-2.0940274
5.3,2,6.021023,4.339380,1.2694515
5.2,1,6.021023,4.338597,0.9771600
5.1,2,6.021023,5.511491,-2.7621158
5.3,1,6.021023,4.326646,1.3729305
6.5,1,6.021023,5.621451,-0.1319327
5.1,1,6.021023,5.630961,-2.5044443
5.2,2,5.857933,4.605970,-0.0474166
5.8,1,5.857933,5.461711,-0.8552427
5.4,2,6.385194,5.084195,-0.6157973
5.8,3,6.385194,5.496307,-1.3123007
5.4,3,6.385194,3.976687,1.5699900
5.3,3,6.385194,4.046554,1.2474920
4.8,1,6.385194,5.024144,-0.3423776
6.1,2,6.385194,5.053184,0.0465018
5.0,3,6.385194,5.496922,-2.4695610
5.2,2,6.226537,4.034948,0.9640899
5.3,2,6.226537,3.944490,1.2095870
5.8,1,6.226537,5.257652,-0.6280151
5.1,2,6.011267,5.555514,-2.3781387
5.3,1,6.011267,5.008566,-0.7351991
5.1,1,6.011267,5.692755,-2.3930132
5.1,1,6.315358,3.676301,4.3038759
4.6,2,6.315358,3.139833,3.1072736
5.0,2,6.315358,3.265759,3.9905384
5.1,2,6.315358,3.254243,4.1646011
5.3,2,6.315358,3.095578,4.6604157
5.3,3,5.808142,3.761200,3.3730036
5.4,1,5.808142,2.954910,3.1275935
6.2,1,5.808142,2.833213,5.0038792
5.4,3,5.808142,2.939162,3.3439919
4.9,1,5.808142,2.873565,3.7139135
5.0,3,5.950643,5.187833,-0.7990189
5.8,3,5.950643,5.535048,-0.8712457
5.4,2,5.950643,5.119191,0.2886316
4.9,2,5.950643,5.104429,-0.5363144
5.3,2,5.950643,5.129070,-0.5538549
5.0,1,5.950643,4.828394,-0.4189456
6.1,1,5.950643,4.163715,2.7420006
5.4,3,5.950643,4.425326,1.3391241
6.0,1,5.950643,4.320550,2.0889462
5.2,2,5.950643,5.529707,-1.6427879
5.3,1,5.950643,3.414114,2.1682076
5.1,1,5.950643,4.607468,0.9119614
5.2,1,5.950643,5.445702,-0.8597923
5.3,1,5.950643,5.435511,-1.4624413
6.5,1,5.950643,3.542118,3.6573888
5.1,1,5.950643,3.572626,2.7363137
5.2,3,4.744932,3.238678,3.6763260
5.4,1,4.744932,2.944439,3.5230905
6.2,1,4.744932,2.827314,4.5891729
5.4,3,4.744932,2.923162,3.2781254
4.9,1,4.744932,2.867899,3.9253340
5.2,2,5.983936,4.378019,0.2733042
5.3,1,5.983936,5.483967,-1.2929862
5.3,2,5.983936,5.380819,-2.1946280
5.2,1,5.983936,5.382521,-2.3639925
5.3,1,5.983936,5.384724,-2.0599527
6.5,1,5.983936,5.691305,-0.6020458
5.1,1,5.983936,5.687280,-2.5964596
5.3,2,5.983936,4.600459,0.3789842
5.4,2,6.206576,5.324618,-0.7101713
5.0,1,6.206576,5.122117,-1.2125091
6.1,1,6.206576,4.569854,3.1637436
5.4,3,6.206576,4.735233,2.1130818
6.0,1,6.206576,4.640827,2.3905960
5.3,1,6.206576,4.301630,0.7612730
5.1,1,6.206576,4.871143,1.5444726
5.3,2,6.206576,5.590912,-1.3313517
5.2,1,6.206576,5.593112,-2.0139535
5.3,1,6.206576,5.584849,-2.3303366
6.5,1,6.206576,4.228293,3.1133820
5.1,1,6.206576,4.255755,1.2054317
5.0,1,6.206576,3.859887,1.3914560
5.0,1,6.206576,4.487737,0.8789211
4.4,2,6.297109,3.691376,1.6913681
4.4,2,6.297109,3.691376,0.9919546
4.2,2,6.218600,4.489759,-1.1963023
5.3,1,6.218600,5.362231,-1.4571032
4.2,2,6.218600,4.510860,-1.0493365
5.3,2,5.978886,4.414010,1.6945692
4.5,2,5.978886,4.404277,0.8701211
4.8,2,5.978886,4.414010,1.1045612
3.8,2,6.228511,2.884801,2.5715430
5.3,1,6.293419,5.374120,-0.7779211
5.2,2,6.293419,5.524456,-2.2815088
5.2,2,6.293419,5.627909,-1.9230534
5.4,2,6.293419,5.616189,-1.9091926
5.2,2,6.293419,5.376204,-2.0035181
5.3,2,6.293419,5.394945,-2.9301880
5.8,1,6.293419,4.815917,1.9125011
6.9,1,6.293419,5.253843,1.4971199
5.2,2,6.293419,5.469620,-1.9476416
5.3,2,6.293419,5.205709,-1.6321437
5.2,1,6.293419,5.206147,-0.9243229
5.1,2,6.293419,4.249209,0.9603459
5.3,1,6.293419,5.223270,-0.9480394
5.3,2,6.006353,5.294912,-1.0822273
5.4,2,6.006353,5.381003,-0.6611448
5.4,3,6.006353,5.610570,-1.2045396
6.0,1,6.006353,5.582029,-0.1020549
5.2,2,6.006353,5.063734,-1.0513662
5.3,1,6.006353,5.197834,0.2459221
5.1,1,6.006353,5.669846,-1.3667271
5.3,2,6.006353,5.529786,-0.5976552
5.2,1,6.006353,5.532559,-1.2475068
5.3,1,6.006353,5.530381,-1.7231107
6.5,1,6.006353,5.415611,1.0303691
5.1,1,6.006353,5.418365,-0.6163343
5.0,3,6.028279,4.959482,-1.4518361
5.8,3,6.028279,2.799717,1.9498310
4.8,1,6.028279,4.821974,-0.2968574
6.0,1,6.028279,5.164900,-0.6649874
5.3,1,6.028279,5.418187,-1.7100873
5.1,1,6.028279,5.159228,-2.0265455
5.3,2,6.028279,5.495117,-2.6136313
5.2,1,6.028279,5.501299,-2.2842541
5.3,1,6.028279,5.489062,-2.6278998
6.5,1,6.028279,5.290336,-0.1539907
5.1,1,6.028279,5.369568,-2.9008949
4.8,1,6.082219,2.844909,3.0071667
6.0,3,6.082219,3.563883,3.3199150
5.3,1,6.082219,3.718438,2.4050514
4.5,2,6.082219,0.788457,3.8080393
4.7,1,6.082219,2.116256,3.7994812
5.1,3,6.082219,0.405465,5.1335606
5.1,3,6.082219,0.530628,4.6597531
4.6,1,6.082219,1.791759,3.5325472
5.0,1,6.082219,1.098612,3.8418795
5.6,1,6.082219,4.097672,3.5199873
5.1,1,6.082219,3.288402,3.3272279
6.6,3,6.082219,3.992681,3.9884098
5.5,3,6.082219,3.696351,3.3278737
5.5,3,6.082219,3.629660,3.1813816
5.7,3,6.082219,3.737670,2.8808824
5.0,1,6.082219,2.701361,4.6458322
6.4,1,6.082219,3.446808,5.0859283
5.8,3,5.808142,4.600258,0.9325971
4.8,1,5.808142,5.235644,-0.8010888
5.4,2,5.808142,5.025261,0.0507882
4.9,2,5.808142,5.037407,-0.9710374
5.3,2,5.808142,5.061392,-0.7478357
5.0,1,5.808142,3.810433,1.6779000
5.4,3,5.808142,4.689603,0.2866816
6.0,1,5.808142,4.696472,1.7660484
5.3,1,5.808142,4.934977,0.7828508
5.1,1,5.808142,4.656908,0.4785916
5.2,1,5.808142,5.313206,-0.4500285
5.3,1,5.808142,5.301113,-0.3000651
6.5,1,5.808142,4.769243,2.3316583
5.1,1,5.808142,4.882423,0.3318903
5.4,2,5.416100,5.014428,-0.0093637
4.9,2,5.416100,5.026705,-0.8615185
5.3,2,5.416100,5.050945,-0.7685606
5.0,1,5.416100,3.818591,2.1357746
5.4,3,5.416100,4.690981,0.7602917
6.0,1,5.416100,4.700662,2.0261331
6.5,1,5.416100,4.766779,2.9902171
5.1,1,5.416100,4.879007,0.7644906
5.6,1,6.154858,3.360375,3.5233560
5.6,3,6.154858,3.947390,2.8244693
5.5,3,6.154858,3.676301,3.2262883
5.5,3,6.154858,3.610918,3.1879216
5.0,1,6.154858,2.653242,3.5198689
6.4,1,6.154858,3.456317,4.2605085
5.1,2,5.963579,5.567008,-2.0094678
5.0,3,5.963579,5.591062,-3.1901669
6.1,3,5.963579,5.194789,0.9573943
5.5,1,5.963579,5.259265,-0.2397558
5.4,2,5.963579,5.316206,-0.9057465
5.1,2,5.963579,5.124024,-0.0820781
6.0,2,5.973810,3.182212,4.5542558
6.4,1,5.973810,4.709530,2.4366788
4.5,2,5.973810,3.484312,2.5336968
4.9,1,5.973810,4.473922,1.5052767
4.5,2,5.973810,4.272491,1.1503188
4.6,1,5.973810,3.384390,2.7333280
5.2,1,5.823046,5.649221,-3.1475557
5.0,3,5.823046,5.372218,-3.1390485
6.1,3,5.823046,4.860355,1.3659386
5.5,1,5.823046,4.947837,0.3904191
5.4,2,5.823046,5.019595,-0.3955643
5.5,3,5.891644,5.062848,-0.3730221
5.1,1,5.891644,4.259859,1.1443502
5.4,2,5.891644,4.447814,0.6819346
5.3,2,5.891644,4.497139,-0.0906799
5.0,1,5.891644,4.458177,0.9600014
6.1,1,5.891644,4.731979,1.6784415
5.4,3,5.891644,4.783651,0.1805700
6.0,1,5.891644,4.788241,1.4543034
5.3,1,5.891644,4.481872,0.9093870
5.1,1,5.891644,4.845525,0.0310141
5.3,2,5.891644,4.974040,-0.3004296
5.2,1,5.891644,4.982442,-0.7194296
5.3,1,5.891644,4.964731,-0.5592459
6.5,1,5.891644,4.697932,2.1441168
5.1,1,5.891644,4.725528,0.5855063
5.0,1,5.891644,4.794716,0.5024103
5.0,1,5.891644,4.769328,0.0789960
5.1,2,6.169611,5.610607,-2.1431058
5.0,3,6.169611,5.542518,-2.7718690
6.1,3,6.169611,5.124321,1.2292604
5.5,1,6.169611,5.192957,0.3763795
5.4,2,6.169611,5.252430,-0.4050552
5.1,2,6.169611,5.139849,0.6379515
6.1,2,6.011267,5.637856,-1.6864810
5.2,1,6.011267,5.591919,-2.9931556
5.0,3,6.011267,5.295564,-2.9431968
6.1,3,6.011267,4.722420,1.7192246
5.5,1,6.011267,4.824145,0.8104857
5.4,2,6.011267,4.907051,-0.1554031
5.0,3,6.133398,5.438471,-3.6707645
6.1,3,6.133398,4.973695,0.4393511
5.5,1,6.133398,5.050625,-0.3273103
5.4,2,6.133398,5.114094,-1.1787925
5.1,2,6.133398,5.176206,-0.1844879
4.5,2,6.063785,2.631889,3.8436799
4.6,1,6.063785,3.848018,2.3460277
4.4,2,6.063785,4.130355,2.3639624
6.4,1,6.063785,5.211670,2.2768364
5.4,1,6.045005,3.015535,3.7835531
4.9,2,6.011267,3.000720,3.7529335
4.4,2,6.011267,3.020425,2.5205151
4.4,2,6.066108,1.547563,3.0380731
4.4,2,6.066108,3.095578,2.9246121
5.4,1,5.883322,3.010621,4.0379682
5.2,2,6.059123,4.497919,-0.1323435
5.4,2,6.059123,5.640843,-2.5754180
6.2,1,6.059123,4.160912,2.3425747
6.1,3,6.059123,5.191956,0.8254028
5.5,1,6.059123,5.256557,-0.0698218
5.4,2,6.059123,5.313600,-0.9987217
5.1,2,5.993961,5.569336,-1.9489046
5.0,3,5.993961,5.588933,-3.0755983
6.1,3,5.993961,5.191456,1.0234576
5.5,1,5.993961,5.256192,0.0124225
5.4,2,5.993961,5.313354,-0.8698128
5.1,2,6.008813,5.646895,-2.4638930
5.0,3,6.008813,5.512501,-2.9375766
6.1,3,6.008813,5.070350,1.1136979
5.5,1,6.008813,5.145050,0.2456093
5.4,2,6.008813,5.210688,-0.6356144
5.3,2,6.100319,5.224509,-1.5069716
5.2,2,6.100319,4.495467,1.7885878
5.4,2,6.100319,4.515574,2.7777628
5.4,3,6.100319,4.210200,1.6766853
5.3,3,6.100319,4.219949,1.3217825
4.8,1,6.100319,5.194844,-1.1642074
6.1,2,6.100319,4.749097,0.5805942
5.3,3,6.100319,4.911625,-0.4412996
6.1,3,6.100319,5.244811,0.7467827
5.5,1,6.100319,5.316010,-0.8866834
5.4,2,6.100319,5.316403,-0.8384967
4.4,3,6.240276,4.014580,3.2975761
4.6,2,6.118097,3.889777,2.1070202
5.8,3,6.028279,5.681912,-1.5041324
5.4,3,6.028279,4.220096,1.7960005
5.3,3,6.028279,4.229312,1.1494638
4.8,1,6.028279,5.198442,-0.7253398
6.3,3,6.028279,4.656433,1.1326272
6.1,2,6.028279,4.745454,0.8973118
6.1,3,6.028279,5.239204,1.3304380
5.5,1,6.028279,5.310888,-0.3029988
5.4,2,6.028279,5.311382,-0.5114925
4.4,2,6.045005,2.282382,2.8097641
4.9,2,5.680173,2.949688,3.3666059
5.8,1,6.270988,5.485129,-2.0806423
5.2,2,6.270988,4.421247,-0.6107012
5.3,1,6.270988,5.499256,-2.6952722
5.3,2,6.270988,5.399836,-2.5551188
5.2,1,6.270988,5.401506,-2.9689346
5.3,1,6.270988,5.403713,-2.7404081
5.4,3,6.102559,5.360071,-0.3763530
5.3,3,6.102559,5.361855,-1.0500221
6.1,2,6.102559,5.380312,-0.1075407
5.2,1,6.102559,5.540479,-1.9646140
5.0,3,6.102559,5.358989,-1.6835151
5.1,2,6.102559,5.645518,-1.8832828
5.3,3,6.102559,5.482845,-1.6193872
6.1,3,6.102559,5.107520,1.4718067
5.5,1,6.102559,5.187553,0.0571362
5.4,2,6.102559,5.246603,0.0579858
5.4,2,6.315358,4.889747,1.5345635
5.4,3,6.315358,3.846097,3.2180755
5.3,3,6.315358,3.848657,2.7322224
4.8,1,6.315358,5.145923,0.6756449
5.1,1,5.283204,4.831668,1.3172122
5.3,2,5.283204,5.390851,0.2999564
5.0,1,5.283204,4.932818,1.7895570
5.8,1,5.283204,5.178351,2.3569786
5.2,2,5.283204,5.625172,0.0235212
5.1,2,5.283204,5.530619,-0.1635312
6.0,2,6.126869,1.757858,5.2298244
4.6,2,6.126869,2.862201,2.0013719
5.9,2,6.100319,5.603520,-0.1528948
5.1,1,6.100319,5.477551,-1.7652733
5.2,2,6.100319,5.622753,-2.1084997
5.0,1,6.100319,5.526011,-0.7852405
5.8,1,6.100319,4.053870,2.7415494
5.3,2,6.100319,5.609032,-3.2045046
5.2,2,6.100319,5.391216,-2.2262724
5.2,1,6.100319,5.375788,-1.9978247
5.1,2,6.100319,3.844172,1.1570384
5.3,1,6.100319,5.392900,-1.2903662
5.4,2,6.230481,5.281832,-1.6521367
4.9,2,6.230481,5.273410,-2.6567204
6.0,1,6.230481,5.461456,-0.9650346
5.2,2,6.230481,5.076860,-2.3196804
5.3,1,6.230481,5.016949,-0.8559014
5.1,1,6.230481,5.560258,-2.1670931
5.3,2,6.230481,5.469072,-1.6659554
5.2,1,6.230481,5.472229,-1.9655416
5.3,1,6.230481,5.468904,-2.4084680
6.5,1,6.230481,5.271614,-0.0619818
5.1,1,6.230481,5.275356,-1.5436502
5.2,1,6.267201,3.996364,4.0044381
4.6,2,6.267201,2.054124,3.6200919
4.6,2,6.267201,2.151762,3.2625864
5.1,2,6.267201,3.148453,4.2925668
5.4,2,5.442418,4.908972,0.6080794
5.2,2,5.442418,4.873822,1.1658035
5.4,2,5.442418,4.864530,1.1397222
6.2,1,5.442418,5.644598,0.6502919
5.4,3,5.442418,5.229074,0.4040641
5.3,3,5.442418,5.218516,0.2026959
6.1,2,5.442418,4.719481,1.3794208
5.2,1,5.442418,4.794054,0.1184051
5.0,3,5.442418,4.174695,1.5857803
5.3,3,5.442418,4.905201,0.0031949
6.1,3,5.442418,3.704014,4.2013737
5.5,1,5.442418,3.993787,2.6262615
5.4,2,5.442418,4.007878,3.0202297
5.2,2,6.198479,5.639919,-2.6592743
5.4,2,6.198479,4.402809,1.4151490
5.2,2,6.198479,4.740837,1.8371311
5.4,2,6.198479,4.750828,2.1320340
5.4,3,6.198479,4.205886,2.3370831
5.0,3,6.198479,4.933682,-0.8872903
5.3,3,6.198479,4.482211,1.3089272
6.1,3,6.198479,5.077982,1.5819434
5.5,1,6.198479,5.155082,-0.4108596
5.4,2,6.198479,5.136504,0.0027961
5.8,1,6.139885,5.090370,0.7647234
4.8,1,6.139885,5.695683,-3.0064899
5.4,2,6.139885,4.582106,0.1646666
5.3,2,6.139885,4.560905,0.2583562
5.0,1,6.139885,5.626217,-3.8790235
5.2,2,6.139885,4.510750,0.4273571
5.3,1,6.139885,5.409411,-1.3298762
5.3,2,6.139885,4.041998,0.8450095
5.2,1,6.139885,4.055430,0.6103089
5.1,2,6.139885,5.383026,-2.4763196
5.3,1,6.139885,4.086312,0.8727149
6.5,1,6.139885,5.626613,-0.8777193
5.1,1,6.139885,5.623115,-2.9699476
4.5,1,6.139885,1.974081,3.1282507
5.0,2,6.139885,3.091042,4.7679691
5.3,1,6.139885,5.399248,-2.2548431
5.3,2,6.139885,4.970022,-1.2070776
5.8,1,6.139885,4.745367,1.6023126
5.4,2,6.139885,5.076610,-0.2162797
4.9,2,6.139885,5.102789,-2.0514373
5.3,2,6.139885,5.057964,-0.4918403
5.2,2,6.139885,4.993489,0.0301412
4.5,1,5.934894,3.826465,2.8520351
5.2,1,5.934894,3.804438,1.8788542
5.2,2,5.934894,4.791650,0.0212721
5.4,2,5.934894,5.000585,0.1522918
4.9,1,5.934894,3.417727,1.6417115
4.6,2,5.934894,2.939162,1.3714091
4.7,1,5.934894,2.917771,1.8275448
4.5,2,5.934894,3.072693,1.1526585
4.4,2,5.934894,3.152736,1.8609123
5.5,1,5.934894,3.964615,2.8166654
4.3,1,5.934894,4.016383,0.1374114
4.3,2,5.934894,3.955082,0.5176622
4.5,1,5.934894,3.935740,0.8432898
4.8,1,5.934894,3.966511,1.2701818
4.3,1,5.934894,4.014580,0.5944864
4.6,1,5.934894,5.698435,0.3771342
4.3,1,5.934894,4.028917,0.7143704
4.5,1,5.934894,3.943522,0.5310987
4.6,2,5.934894,2.995732,2.7174063
5.7,1,5.934894,3.901973,2.8068694
4.9,1,5.934894,4.036009,0.3088074
4.3,1,5.934894,3.811097,0.7505195
5.0,1,5.934894,3.877432,1.2139330
4.2,3,5.934894,3.996364,0.9458107
5.2,2,5.934894,4.910447,0.3536103
5.1,1,5.934894,5.054333,0.2348349
5.8,3,5.752573,5.211833,-0.2613648
5.4,2,5.752573,5.198000,-0.2456576
5.3,2,5.752573,5.214229,-0.9067860
5.0,1,5.752573,3.982668,1.3716375
6.1,1,5.752573,2.889260,3.6790564
5.4,3,5.752573,2.978077,3.9252748
6.0,1,5.752573,3.087856,5.1189514
5.3,1,5.752573,4.404522,1.7914594
5.1,1,5.752573,3.401197,4.7554849
5.3,2,5.752573,5.492485,-0.7796859
5.2,1,5.752573,5.497168,-1.2709320
5.1,1,6.270988,5.240317,-1.3415505
5.2,2,6.270988,4.835964,-0.6271160
5.3,2,6.270988,4.849292,-1.1588720
5.0,1,6.270988,5.317973,-0.5661269
5.8,1,6.270988,4.465103,1.7714717
6.9,1,6.270988,2.777576,4.2152339
5.2,2,6.270988,5.220410,-2.1226831
5.2,1,6.270988,5.597347,-3.4084637
5.1,2,6.270988,5.208994,-1.3322608
5.3,1,6.270988,5.608372,-3.4531435
5.8,1,5.488938,5.681298,-0.6865887
5.3,2,5.488938,4.444767,0.4522851
5.0,1,5.488938,5.256505,-0.9876793
6.1,1,5.488938,5.154562,1.7881530
5.4,3,5.488938,5.239999,0.0946736
6.0,1,5.488938,5.653085,1.3405907
6.9,1,5.488938,5.653085,1.3259072
5.2,2,5.488938,4.870223,-0.1283790
5.3,1,5.488938,4.535606,2.0426738
5.1,1,5.488938,5.315764,-0.3234474
5.3,1,5.488938,4.898735,-0.7622615
6.5,1,5.488938,5.011968,2.3042836
5.1,1,5.488938,5.013830,0.3012151
5.0,1,5.488938,5.137796,-0.1922143
6.0,2,6.111467,2.694627,3.8170528
6.0,2,6.021023,0.875469,5.8010604
4.7,2,6.021023,2.186051,2.7446392
4.6,2,6.021023,2.617396,2.7230045
5.1,1,5.389072,5.141137,0.4623494
5.2,2,5.389072,5.114274,-0.2493464
5.3,2,5.389072,5.116316,-0.7026724
5.0,1,5.389072,5.223109,1.1704987
5.8,1,5.389072,4.999844,1.9918664
5.2,2,5.389072,5.413296,-0.7596930
5.1,2,5.389072,5.473153,-1.2265593
4.4,2,5.888878,3.770459,0.9919175
4.4,2,5.888878,2.884801,2.5321877
5.1,1,5.888878,4.953006,-0.2421353
4.4,2,5.888878,4.409155,-1.6771816
4.2,1,5.888878,4.817859,-2.2740948
4.8,1,5.888878,4.845761,0.2288870
4.2,1,5.888878,5.412092,-1.7794555
4.2,2,5.888878,4.461300,-0.4660913
4.3,2,6.226537,2.617396,2.1419585
4.4,2,6.226537,3.772761,4.8228589
4.3,2,6.226537,2.415914,3.5413940
4.4,2,6.226537,2.867899,2.2853575
4.8,1,6.226537,4.843399,-0.2923195
4.1,1,6.226537,3.788725,3.3485699
5.3,2,6.226537,4.462454,1.2115838
4.5,2,6.226537,4.452019,0.3906898
4.8,2,6.226537,4.461300,0.7225118
5.2,2,5.961005,4.469236,0.2785404
5.3,1,5.961005,5.503989,-1.5350264
5.2,1,5.961005,5.418320,-1.6076395
4.9,2,6.208590,2.476538,2.8673874
4.2,2,6.872128,4.622027,-1.9815166
4.9,2,5.814131,2.251292,3.5278888
4.9,2,6.206576,3.072693,3.1078996
4.4,2,6.206576,2.815409,2.7063154
5.2,2,5.897154,5.065250,-0.0682360
5.2,2,5.897154,3.909620,2.1682763
5.4,2,5.897154,3.830162,2.1301703
5.4,3,5.897154,5.358236,-0.1181869
4.8,1,5.897154,5.368916,-1.1044593
6.3,3,5.897154,5.377360,0.6299944
6.1,2,5.897154,5.377129,-0.0226854
6.1,3,5.897154,5.102728,1.7708422
5.5,1,5.897154,5.183243,0.5331545
5.4,2,5.897154,5.242487,0.4154814
5.0,1,6.270988,5.634897,-1.0199305
5.8,1,6.270988,4.969049,2.1757285
5.2,2,6.270988,4.865918,0.3011411
5.2,1,6.270988,5.524975,-2.4399065
5.1,2,6.270988,5.510804,-1.5733471
5.3,1,6.270988,5.531530,-2.3171405
5.3,1,5.908083,4.924206,0.8347335
5.2,2,5.908083,4.470724,2.4100933
5.3,2,5.908083,4.460144,2.0418305
5.0,1,5.908083,5.592590,-0.1982436
5.8,1,5.908083,4.955968,2.1685278
6.9,1,5.908083,4.285929,3.9790833
5.2,2,5.908083,4.950815,0.1799020
5.1,2,5.908083,5.500156,-1.5297029
5.3,1,5.908083,5.566587,-1.0066805
6.0,2,5.831882,3.465736,3.5755148
5.4,2,6.049733,4.145830,1.9178193
4.9,2,6.049733,4.237723,0.6069900
5.3,2,6.049733,4.147411,1.5221356
5.0,1,6.049733,5.350151,-1.9102728
6.0,1,6.049733,5.536074,-0.0210704
5.2,2,6.049733,5.181109,-1.2900392
5.3,1,6.049733,5.298817,-0.4987818
5.1,1,6.049733,5.559335,-1.7452004
5.3,2,6.049733,3.609566,2.3344713
5.2,1,6.049733,3.607398,2.4017967
5.1,2,6.049733,5.564137,-2.2411138
5.3,1,6.049733,3.528417,2.8958567
6.5,1,6.049733,5.483676,0.5716008
5.1,1,6.049733,5.485461,-1.6763259
6.0,2,6.568078,3.456317,4.0217022
6.4,1,6.568078,4.693181,2.8557803
4.8,2,6.568078,3.039749,2.3314641
4.5,2,6.568078,3.523415,2.0148097
3.8,2,6.568078,3.387774,1.9269457
6.4,1,6.568078,5.021905,2.5197106
4.5,2,6.568078,3.370738,2.6640983
4.9,2,5.762051,2.884801,2.9283631
4.9,2,6.163315,3.131137,2.6463875
4.1,1,6.163315,2.727853,3.7231359
5.2,2,6.270988,5.309702,-1.6317346
5.2,2,6.270988,5.098158,-0.6450048
5.4,2,6.270988,5.079726,-0.6741684
5.8,1,6.270988,5.464975,-1.1676409
4.8,1,6.270988,5.399971,-1.7084299
5.3,2,6.270988,5.258172,-1.1363765
5.2,1,6.270988,5.258328,-0.1182206
5.1,2,6.270988,5.176206,-1.9391928
5.5,1,6.270988,5.689176,-2.5820874
5.3,1,6.270988,5.265639,-0.1487437
5.2,2,5.932245,5.533034,-0.2881622
5.3,2,5.932245,5.532124,-0.8132379
5.0,1,5.932245,5.098768,1.0530569
5.8,1,5.932245,5.445875,0.6578308
6.9,1,5.932245,5.008299,3.3088993
5.1,1,5.631212,5.239363,-1.5765836
5.2,2,5.631212,5.320421,-1.0839404
5.3,2,5.631212,5.307426,-1.6289776
5.4,2,5.631212,4.800408,0.5626968
5.3,2,5.631212,4.801477,-0.4281096
5.0,1,5.631212,5.305243,-2.0754495
6.1,1,5.631212,5.124202,1.3255354
5.4,3,5.631212,5.223163,-0.3783364
6.0,1,5.631212,5.189897,0.5127039
5.2,2,5.631212,4.984086,-0.6460728
5.3,1,5.631212,4.469121,1.4562634
5.1,1,5.631212,5.305988,-1.1114240
5.3,2,5.631212,5.146389,0.7626732
5.2,1,5.631212,5.151382,-0.0063199
5.3,1,5.631212,5.142365,-0.9685845
6.5,1,5.631212,4.950602,1.5079587
5.1,1,5.631212,4.954559,0.0643823
5.0,1,5.631212,5.098280,-0.8577388
5.8,3,6.063785,4.652817,-0.6873242
4.8,1,6.063785,4.824948,-0.1930752
5.4,2,6.063785,4.862290,-0.7815195
4.9,2,6.063785,4.889898,-1.7155765
5.3,2,6.063785,4.901341,-1.3782865
5.0,1,6.063785,4.840558,-1.5774549
6.0,1,6.063785,5.249705,0.3420282
5.2,2,6.063785,5.645906,-3.3065874
5.3,1,6.063785,5.237080,-1.1187436
5.1,1,6.063785,5.227197,-1.7171345
5.3,2,6.063785,5.043296,-0.7496752
5.2,1,6.063785,5.052992,-1.0489653
5.3,1,6.063785,5.032723,-0.8841140
6.5,1,6.063785,5.246761,0.8240877
5.1,1,6.063785,5.301662,-1.8824941
4.4,2,5.924256,3.732896,1.5022312
4.3,2,5.924256,2.261763,4.3566319
4.4,2,5.924256,2.995732,2.1887331
4.2,2,5.924256,4.465908,-0.3816558
5.3,2,5.924256,4.433195,1.7700250
4.5,2,5.924256,4.423648,0.7840385
4.8,2,5.924256,4.433195,1.1979749
6.1,1,5.966147,4.701571,0.3787788
6.0,1,5.966147,4.757290,1.7196009
6.1,1,5.768321,4.717963,0.8271535
6.0,1,5.768321,4.772124,2.0418176
6.1,1,6.037871,4.704835,0.7185712
6.0,1,6.037871,4.758749,1.9127226
6.1,1,5.351858,4.688776,1.2023715
6.0,1,5.351858,4.741011,2.2346488
6.1,1,6.347389,4.706101,0.3830150
6.0,1,6.347389,4.757548,1.8295368
6.1,1,6.282267,4.720996,0.3054974
6.0,1,6.282267,4.771362,1.5995896
6.1,1,5.327876,4.695011,0.8750937
6.0,1,5.327876,4.749357,2.3960754
6.1,1,5.857933,4.706914,0.8657130
6.0,1,5.857933,4.759607,2.2779952
6.4,1,5.293305,2.721295,4.7869916
6.4,1,5.849325,2.714695,4.7492705
4.4,1,5.497168,3.342862,3.6175714
4.1,1,5.497168,4.587006,1.0347491
4.3,1,5.497168,3.770459,1.7062560
6.2,1,5.497168,4.813809,2.9981294
5.1,3,5.497168,4.852030,1.3790180
4.1,3,5.497168,3.877432,1.5180680
4.2,3,5.497168,4.010963,1.4477657
5.7,3,5.497168,4.543295,2.3289349
4.1,1,5.497168,4.380776,0.0496469
4.7,1,5.497168,4.283587,0.5765010
4.2,1,5.497168,3.864931,1.7584956
4.4,1,5.497168,4.091006,0.0013990
4.9,2,5.497168,4.412798,0.1709235
5.6,3,5.497168,3.658420,3.5928640
5.1,3,5.497168,3.299534,3.2311601
4.7,3,5.497168,3.763523,1.6520759
4.8,3,5.497168,3.779634,2.2661493
4.8,3,5.497168,3.540959,1.1614932
4.2,3,5.497168,3.925926,1.4333211
4.9,3,5.497168,3.583519,2.3970768
5.5,3,5.497168,3.421000,4.1001775
4.5,3,5.497168,3.663562,1.3452901
4.5,3,5.497168,3.529297,2.2909173
5.5,3,5.497168,3.532226,3.3149857
4.2,3,5.497168,3.688879,1.8230966
5.5,3,5.497168,3.360375,3.7069649
5.7,3,5.497168,3.292126,3.8622023
5.2,3,5.497168,3.901973,2.7966104
4.0,3,5.497168,3.751854,0.8177955
5.1,3,5.497168,3.572346,3.2983522
4.7,1,5.497168,3.725693,2.4460792
5.4,3,5.497168,3.546740,2.7790677
4.3,3,5.497168,3.992681,1.5983770
4.1,3,5.497168,3.566712,1.7856743
4.5,3,5.497168,3.953165,0.2075019
4.2,3,5.497168,3.634951,1.2635333
3.9,3,5.497168,3.131137,1.3149863
4.1,2,5.497168,4.010963,0.4951230
4.2,3,5.497168,3.686376,1.5988824
4.3,1,5.497168,4.516339,0.3630446
5.7,1,5.497168,4.535820,2.0016286
5.0,2,5.497168,4.378270,1.1694745
4.5,1,5.497168,4.424847,0.3118868
5.2,2,5.497168,4.378270,0.9680479
4.7,3,5.497168,3.465736,3.2563643
4.4,1,5.497168,4.453184,0.2324600
5.0,1,5.497168,2.856470,3.5347663
6.8,3,5.497168,4.657763,1.7404486
6.5,0,5.497168,5.104733,1.6673483
6.2,1,5.497168,5.154447,0.8605243
4.9,1,5.497168,3.234749,4.1053175
6.4,1,5.497168,3.169686,5.0999274
4.5,1,5.497168,3.558201,0.7172054
4.1,1,5.497168,3.427515,0.8568804
4.5,1,5.497168,2.778819,2.8052979
4.8,3,5.497168,4.056989,0.8388048
5.1,2,5.497168,5.012633,0.1916942
4.2,1,5.497168,3.493473,1.3487742
5.5,3,5.497168,4.249923,1.3588461
4.1,1,5.497168,3.634951,0.3557145
4.2,2,5.497168,4.388257,0.3418151
5.8,3,5.497168,4.335983,2.4729184
5.6,3,5.942799,3.508556,3.4912209
5.0,1,5.942799,3.182212,3.9525698
4.5,1,5.942799,2.624669,3.5969834
5.4,1,5.942799,3.342862,4.1748795
4.8,1,5.942799,3.321432,4.3639899
4.5,1,5.942799,2.985682,4.3504586
4.9,1,5.942799,2.674149,3.9807278
5.1,1,5.942799,2.631889,4.5649626
5.2,1,5.942799,2.708050,4.3748006
4.2,1,5.805135,2.821379,3.6402930
6.4,1,5.805135,4.612146,4.2356271
4.4,3,5.805135,3.502550,3.2086234
5.0,3,5.805135,4.945919,-0.1172419
5.8,3,5.805135,5.409501,-0.1961244
5.4,2,5.805135,5.182682,0.7048781
4.9,2,5.805135,5.167525,-0.1727238
5.3,2,5.805135,5.192346,0.1952378
5.0,1,5.805135,4.532815,0.8824030
5.4,3,5.805135,3.807107,2.9591720
6.0,1,5.805135,3.607398,3.9655069
5.2,2,5.805135,5.638710,-0.8672387
5.3,1,5.805135,3.951244,2.7671992
5.1,1,5.805135,4.122446,2.2662945
5.3,2,5.805135,5.487573,0.0473606
5.2,1,5.805135,5.491496,-0.4270668
5.3,1,5.805135,5.481180,-0.5795685
6.5,1,5.805135,0.457425,5.8409904
5.1,1,5.805135,1.275363,4.2431955
5.2,2,6.369901,3.465736,2.5309948
6.5,2,6.369901,3.873282,3.3690185
5.2,2,6.100319,5.012966,-0.6366723
5.3,2,6.100319,4.982167,-0.8071897
5.8,1,6.100319,5.653471,-1.2485170
6.9,1,6.100319,5.515523,1.1388261
5.2,2,6.100319,4.689879,-0.6713857
5.3,1,6.100319,5.296916,-0.1706697
5.3,2,6.100319,5.403083,-1.2661319
5.2,1,6.100319,5.405646,-1.2282655
6.5,1,6.100319,5.526767,0.4341821
5.1,1,6.100319,5.526090,-1.2117026
5.0,1,6.100319,5.612361,-2.5319479
5.1,1,6.315358,3.637586,2.3510895
5.0,3,6.315358,4.201104,0.8727567
5.8,3,6.315358,4.985728,0.0364284
4.8,1,6.315358,5.547713,-1.8977869
5.4,2,6.315358,5.270792,-1.2181055
5.3,3,6.770789,2.970414,4.4161019
5.3,1,6.770789,3.218876,4.2411972
5.6,2,5.468060,1.987874,3.3443095
5.4,2,5.894403,4.322277,1.3896388
4.9,2,5.894403,4.347565,0.1596498
5.3,2,5.894403,4.316421,0.8816579
6.0,1,5.894403,5.518537,-0.6669727
5.2,2,5.894403,4.308380,0.5046466
5.3,1,5.894403,5.090370,0.6331848
5.1,1,5.894403,5.579126,-2.0452334
5.3,2,5.894403,4.461762,1.4697620
5.2,1,5.894403,4.468663,1.3145029
5.1,2,5.894403,5.662057,-2.6851494
5.3,1,5.894403,4.466483,1.0879220
6.5,1,5.894403,5.390167,0.1287450
5.1,1,5.894403,5.387564,-1.6387637
5.8,1,5.883322,5.400107,0.0306262
5.4,2,5.883322,4.329548,1.5586077
4.9,2,5.883322,4.352598,-0.0228286
5.3,2,5.883322,4.322675,0.4021931
6.0,1,5.883322,5.515483,-0.7481315
5.2,2,5.883322,4.308784,0.7999816
5.3,1,5.883322,5.084257,0.6046438
5.1,1,5.883322,5.576631,-2.2826844
5.3,2,5.883322,4.477564,0.9412565
5.2,1,5.883322,4.484470,0.8613276
5.1,2,5.883322,5.667015,-2.7395563
5.3,1,5.883322,4.482098,0.7641181
6.5,1,5.883322,5.385962,0.2464694
5.1,1,5.883322,5.383394,-1.6812025
5.3,1,6.234411,5.404118,-0.7664708
5.8,1,6.234411,5.003208,1.4487761
4.9,2,7.075809,5.205599,-2.2129272
5.3,2,7.075809,5.229931,-2.2019256
5.0,1,7.075809,4.282344,-0.5674312
6.1,1,7.075809,1.662030,4.4798904
5.4,3,7.075809,3.059646,3.1813816
6.0,1,7.075809,2.721953,4.0149045
5.2,2,7.075809,5.697463,-3.0718145
5.3,1,7.075809,4.271793,0.4963412
5.1,1,7.075809,3.630721,2.3266922
5.3,2,7.075809,5.510521,-1.9681864
5.2,1,7.075809,5.514799,-2.4661516
5.3,1,7.075809,5.504518,-2.5871254
4.3,2,5.347108,2.312535,4.2696555
4.4,2,5.347108,3.034953,2.9515191
4.8,1,5.347108,4.869072,0.0752002
5.3,2,5.347108,4.423648,1.7623650
4.5,2,5.347108,4.412798,0.8612008
4.8,2,5.347108,4.422449,1.1929826
4.4,2,5.963579,3.673766,1.3766227
4.3,2,5.963579,2.406945,3.6672982
4.8,1,5.963579,4.872139,0.5002903
4.1,1,5.963579,3.708682,0.9757665
5.3,2,5.963579,4.852030,0.3574646
4.2,2,5.963579,4.484132,0.0879193
4.2,2,5.963579,4.495355,-0.2167143
5.3,2,5.963579,4.421247,1.8279146
4.8,2,5.963579,4.418841,1.1566925
4.3,2,5.438079,2.451005,3.6467806
4.4,2,5.438079,3.063391,3.2041682
5.1,1,5.438079,4.967032,0.1889661
4.8,1,5.438079,4.874434,0.1803196
4.1,1,5.438079,3.688879,0.9553191
4.2,2,5.438079,4.489759,0.0896579
5.1,1,5.981414,5.480389,-1.9143340
5.0,1,5.981414,5.538869,-0.9273770
5.8,1,5.981414,5.146273,0.5010783
5.2,2,5.981414,5.195232,-0.8543258
5.1,2,5.981414,5.607822,-2.2680871
5.3,1,5.730100,4.911036,0.5086232
5.0,1,5.902633,5.512985,-1.0046576
5.8,1,5.902633,5.030895,0.8115967
6.9,1,5.902633,4.423049,3.1701477
5.2,2,5.902633,5.143416,-0.7472022
5.2,1,5.902633,5.665873,-3.1604183
5.3,1,5.902633,5.671948,-3.2625665
4.6,2,5.652489,2.708050,2.2964463
5.2,2,5.652489,2.734368,4.5503021
4.1,2,5.652489,3.178054,3.2100369
4.1,2,5.652489,2.397895,3.5965997
4.5,2,5.652489,2.484907,3.5453554
4.5,1,5.652489,4.102643,2.0194925
4.1,2,5.652489,2.714695,3.4546750
6.4,1,5.652489,4.508659,3.6595536
4.4,2,5.652489,2.312535,4.1255525
5.1,2,5.652489,4.249923,1.9825589
5.2,2,6.270988,5.296015,-1.6858331
5.4,2,6.270988,5.292551,-1.4910773
5.8,3,6.270988,5.170541,-0.5665145
5.4,3,6.270988,5.645235,-1.8287762
4.8,1,6.270988,4.622814,0.6374230
5.4,2,6.270988,5.065313,-0.8642440
5.3,2,6.270988,5.076797,-1.4977177
6.1,1,6.270988,5.649573,-0.5340090
5.4,3,6.270988,5.651295,-2.0654597
5.3,1,6.270988,5.589269,-1.6762724
5.3,2,6.270988,4.958500,-0.3731673
5.2,1,6.270988,4.957938,-0.3312579
5.3,1,6.270988,4.945279,-0.0253999
5.4,2,5.493061,4.131961,2.6961126
6.2,1,5.493061,4.257030,3.1861047
5.3,1,5.493061,3.394508,3.1737948
6.0,3,5.493061,2.557227,5.0174123
4.7,3,5.493061,1.648659,3.4249465
4.7,3,5.493061,2.424803,3.9400855
4.6,3,5.493061,2.476538,3.2825265
4.7,3,5.493061,1.667707,3.5350579
6.6,3,5.493061,3.414443,4.8109641
5.6,1,5.493061,2.760010,4.3027128
6.2,1,5.493061,4.789157,3.3352000
5.6,3,5.493061,2.667228,4.2528287
5.1,3,5.493061,1.791759,3.7664653
4.8,3,5.493061,3.109061,3.2068842
4.8,3,5.493061,2.549445,3.7171510
4.9,3,5.493061,2.995732,3.4175955
5.5,3,5.493061,2.734368,4.9345459
4.5,3,5.493061,2.928524,3.9984025
5.5,3,5.493061,2.721295,5.1576750
4.2,3,5.493061,2.933857,3.0208638
5.5,3,5.493061,2.772589,4.4997430
5.7,3,5.493061,2.079442,4.9844282
5.2,3,5.493061,3.230804,3.8672767
4.6,3,5.493061,2.681022,3.1144482
5.1,3,5.493061,3.044522,3.1364937
5.4,3,5.493061,2.533697,4.9570235
5.5,3,5.863631,2.734368,4.9522290
4.2,3,5.863631,3.182212,4.0167073
5.0,2,5.863631,4.613138,0.6722810
4.5,1,5.863631,4.650144,0.0282959
4.7,3,5.863631,3.261935,3.0603958
5.1,3,5.863631,2.985682,4.2291959
6.8,3,5.863631,4.658711,1.6081371
6.5,0,5.863631,5.120386,1.2439817
4.3,1,5.863631,4.264087,0.7491966
6.4,1,5.863631,3.949319,3.5765503
4.5,1,5.863631,4.136765,0.3277918
4.1,1,5.863631,4.065602,-0.1388484
5.1,1,5.863631,4.268298,1.6106172
4.5,1,5.863631,3.713572,0.8506209
4.2,3,5.863631,4.390739,-0.1746391
4.4,3,5.863631,4.758749,-0.3052081
4.8,3,5.863631,3.627004,1.4273403
4.6,1,5.863631,4.567468,0.4122421
3.8,2,5.863631,4.494239,-0.3555042
4.1,1,5.863631,4.183576,-0.8161739
4.4,0,5.863631,4.300003,-0.5280226
4.2,2,5.863631,4.625953,-0.6736976
4.8,1,5.863631,5.453995,-1.3803521
5.4,2,5.863631,5.200484,-0.5159052
4.9,2,5.863631,5.202467,-1.2892039
5.0,1,5.863631,1.778336,3.4709411
6.1,1,5.863631,4.130837,3.8601190
5.4,3,5.863631,4.140433,2.3045831
6.0,1,5.863631,4.097174,3.4113787
5.3,1,5.863631,4.820282,1.2315101
5.1,1,5.863631,4.033887,2.2759741
5.2,1,5.863631,5.476254,-1.0192375
5.3,1,5.863631,5.465568,-0.8383117
6.5,1,5.863631,4.388133,3.6373230
5.1,1,5.863631,4.582004,0.8040622
5.0,0,5.828946,3.737670,4.0986353
4.3,3,5.755742,2.928524,2.0699466
6.2,1,5.755742,4.788325,3.3211797
4.1,3,5.755742,3.131137,2.5157591
4.2,3,5.755742,3.427515,2.2151955
4.0,3,5.755742,3.206803,2.6852591
5.1,3,5.866468,2.980619,4.3311806
4.9,1,5.866468,1.686399,2.4260409
6.4,1,5.866468,3.951244,3.7350471
4.8,1,6.204558,5.083824,-0.2506047
5.0,1,6.204558,4.255329,0.3944042
6.1,1,6.204558,4.899257,1.3247646
5.4,3,6.204558,4.902679,-0.2245570
6.0,1,6.204558,4.895598,1.3232481
5.3,2,6.204558,5.296766,-0.8015568
5.2,1,6.204558,5.304150,-0.7623472
5.3,1,6.204558,5.292601,-0.5999848
6.5,1,6.204558,4.972102,1.9177017
5.1,1,6.204558,5.065691,-0.6163528
5.0,1,6.204558,5.020123,-0.2104618
5.4,2,6.776507,4.911330,-0.9723850
5.2,2,6.776507,4.977079,-0.1642734
5.4,2,6.776507,4.968702,-0.2727541
6.2,1,6.776507,5.630351,-0.2672261
5.4,3,6.776507,5.271203,-1.0953875
5.3,3,6.776507,5.260252,-1.4094402
6.1,2,6.776507,4.723753,-0.0697146
5.0,3,6.776507,3.978747,-0.0409053
5.3,3,6.776507,4.900374,-1.4578763
6.1,3,6.776507,3.501344,3.8958530
5.5,1,6.776507,3.806218,2.1884977
5.4,2,6.776507,3.754901,2.3266922